{
  "Document": {
    "DocumentId": -1200242464,
    "Title": "MAGNESIUM",
    "DocumentShortName": null,
    "FileName": null,
    "Path": null,
    "CreateDate": "2000-08-14T20:54:00",
    "ModificationDate": "2000-08-14T20:54:00",
    "TemplateId": null,
    "SegmentId": 81,
    "IsRoot": false,
    "IsActive": true,
    "SortOrdinal": null,
    "ClientId": null,
    "Tag": null
  },
  "Content": "By Lindsay Edwards \n \nMagnesium is a mineral that your body cannot live without. Magnesium is important to your body because it plays a part in bone metabolism, helps transmit nerve impulses to muscles, helps transport calcium and potassium, and regulates blood pressure. But where do we get magnesium and how much magnesium do we need in our daily diet? \n\nMagnesium can be found in drinking water and in many foods, especially nuts, legumes, whole grains, and green vegetables. Magnesium is safe in the appropriate amounts, but when consumed excessively, magnesium intoxication can occur. Symptoms of magnesium intoxication include drowsiness, lethargy, sweating, and slurred speech.",
  "Tag": "kb-1200242464"
}