{
  "Document": {
    "DocumentId": -1181876516,
    "Title": "THE MIRACULOUS SOYBEAN",
    "DocumentShortName": null,
    "FileName": null,
    "Path": null,
    "CreateDate": "2000-04-03T20:49:31",
    "ModificationDate": "2000-04-03T20:49:31",
    "TemplateId": null,
    "SegmentId": 81,
    "IsRoot": false,
    "IsActive": true,
    "SortOrdinal": null,
    "ClientId": null,
    "Tag": null
  },
  "Content": "By Lindsay Edwards \n \nSoybeans are an important food and nutritional source for Asians, but they are rarely consumed by Americans. Instead, Americans use soy primarily to feed livestock, despite its nutritional value. Soybeans contain 25 percent oil, 24 percent carbohydrates, and 50 percent protein. Soybeans are also rich in minerals, amino acids, and vitamins. Soy is usually safe for consumption by all, except for those allergic to it. It's known for having a cardiovascular benefit because it decreases LDL-cholesterol levels significantly. For soy recipes, visit the Indiana Soybean Board's Web site at \n\nhttp://www.soyfoods.com/recipes/index.html",
  "Tag": "kb-1181876516"
}