{
  "Document": {
    "DocumentId": -1611696358,
    "Title": "Creative Labs AWE32: Reducing Noise Coming From the Card Itself",
    "DocumentShortName": null,
    "FileName": null,
    "Path": null,
    "CreateDate": "1999-02-10T08:29:31",
    "ModificationDate": "1999-02-10T08:29:31",
    "TemplateId": null,
    "SegmentId": 65,
    "IsRoot": false,
    "IsActive": true,
    "SortOrdinal": null,
    "ClientId": null,
    "Tag": null
  },
  "Content": "Listening with headphones it may be possible to detect a faint FM-like tone and white noise when no sounds are being played. This is due to the noise generated by the sound card itself. This noise is quantified by the Signal-to-Noise ratio of the card. PC soundcards typically have much worse signal to noise ratio (around 80 dB) than CD players (>90 dB).\n\nTo reduce this background noise, open the Creative Mixer and select Input/Output Options. Set all gain values to X1.\n\nAnother reason to reduce output gain values is distortions in sound synthesis. For example, certain notes in an instrument sound out of tune. This is called \"aharmonic distortion.\"",
  "Tag": "kb-1611696358"
}