{
  "Document": {
    "DocumentId": -1877307985,
    "Title": "Thinking of the BeforeUpdate and AfterUpdate Events in DAO Terms; the Change Event Is Different from the BeforeUpdate Event",
    "DocumentShortName": null,
    "FileName": null,
    "Path": null,
    "CreateDate": "1998-09-18T16:39:29",
    "ModificationDate": "1998-09-18T16:39:29",
    "TemplateId": null,
    "SegmentId": 64,
    "IsRoot": false,
    "IsActive": true,
    "SortOrdinal": null,
    "ClientId": null,
    "Tag": null
  },
  "Content": "In order to distinguish the BeforeUpdate event from the Change event, think of the BeforeUpdate event and AfterUpdate event in DAO transaction terms. The BeforeUpdate event fires just before a transaction is committed to the database. It marks the time when a BeginTrans method would be called out of the Workspace object.\n\nIt follows that the AfterUpdate event fires when a CommitTrans method would be called. One can emulate the Rollback method of the Workspace by setting Cancel = True during a BeforeUpdate event procedure or implement an Undo routine by saving the OldValue property of the control that supports BeforeUpdate and AfterUpdate events.\n\nThe BeforeUpdate and AfterUpdate events fire in succession after the supporting control loses focus; whereas the Change event fires as soon as data in the control is altered by the user. The Change event continues to fire with every edit the user makes. This can make the change event very dangerous for text boxes where the user can make many changes before the control loses focus.",
  "Tag": "kb-1877307985"
}