{
  "Document": {
    "DocumentId": -1000786574,
    "Title": "InvestLogic Systems: Overview of the Buy-Side Enterprise",
    "DocumentShortName": null,
    "FileName": null,
    "Path": null,
    "CreateDate": "1999-08-11T19:34:01",
    "ModificationDate": "1999-08-11T19:34:01",
    "TemplateId": null,
    "SegmentId": 70,
    "IsRoot": false,
    "IsActive": true,
    "SortOrdinal": null,
    "ClientId": null,
    "Tag": null
  },
  "Content": "The buy-side of the financial management business should be compared to banking. Where banking is more predictable and stable (which lends itself readily to turnkey software products), the IT enterprise of the buy-side business is experimental and individual. The buy-side of the enterprise is made up of fixed income and equity data.\n\nAs the fixed income data requires a great deal of mathematics, the equity portion of this enterprise is considered relatively \"easy\" to deal with as it requires extensive research more than lengthy calculation. There are exceptions to this assertion. For example, while prices for equities are set for an entire market, bond prices can come from multiple sources and is often placed in a hierarchy. Finding all of these prices surely is matter of research and not computation!\n\nThe buy-side enterprise database has three major entities: security, portfolio and position. The position entity is the many-to-many relationship between securities and portfolios. Many of the tables in this database are devoted to these three entities. Usually tables devoted to security attributes are in the majority.",
  "Tag": "kb-1000786574"
}