{
  "Document": {
    "DocumentId": -1998118748,
    "Title": "LUTEIN FOR EYE SUPPORT",
    "DocumentShortName": null,
    "FileName": null,
    "Path": null,
    "CreateDate": "1999-09-07T22:41:13",
    "ModificationDate": "1999-09-07T22:41:13",
    "TemplateId": null,
    "SegmentId": 81,
    "IsRoot": false,
    "IsActive": true,
    "SortOrdinal": null,
    "ClientId": null,
    "Tag": null
  },
  "Content": "Lutein is a relative of vitamin A. It has gained attention for its ability to prevent progression of macular degeneration, a leading cause of vision loss in the elderly. The Journal of American Medical Association reports that people consuming lutein-rich foods such as spinach and collard greens had lower risks of macular degeneration. Lutein is deposited in the macula, which is the central part of the eye's retina and is responsible for vision detail and filtering out harmful light rays. Lutein is available as a supplement at health food stores.",
  "Tag": "kb-1998118748"
}