{
  "Document": {
    "DocumentId": -1996741398,
    "Title": "THE WONDERS OF DILL SEED",
    "DocumentShortName": null,
    "FileName": null,
    "Path": null,
    "CreateDate": "1999-08-06T21:23:42",
    "ModificationDate": "1999-08-06T21:23:42",
    "TemplateId": null,
    "SegmentId": 81,
    "IsRoot": false,
    "IsActive": true,
    "SortOrdinal": null,
    "ClientId": null,
    "Tag": null
  },
  "Content": "Dill seed is an excellent herb for settling an upset stomach, is safe for children, and can be made into a tea. It breaks up gas bubbles in the stomach and prevents flatulence. It contains natural preservative properties and thus has long been used to make food safer. Dr. Daniel Mowrey, director of the American Phytotherapy Laboratory in Salt Lake City says that it also inhibits the growth of Staphylococcus, E. coli, Streptococcus, and Pseudomonas.",
  "Tag": "kb-1996741398"
}