{
  "Document": {
    "DocumentId": -1643336679,
    "Title": "\"NIGHT IN NIJINSKY\" (Versions 1 & 2)",
    "DocumentShortName": null,
    "FileName": null,
    "Path": null,
    "CreateDate": "1998-12-06T17:07:21",
    "ModificationDate": "1998-12-06T17:07:21",
    "TemplateId": null,
    "SegmentId": 80,
    "IsRoot": false,
    "IsActive": true,
    "SortOrdinal": null,
    "ClientId": null,
    "Tag": null
  },
  "Content": "NIGHT IN NIJINSKY (Version 1)\n\nballon and faune\nyes\nthe yoke of the erg\nthe birth, and now there is the annular ligament\nattachment\nthe firmament under the pivot\nthe geometric perfection\nthe contrapose\nthe crystallized spectre of the rose\nthey are eating\na suckling for mother\na 'little jap' for the boys\na young, feral ferrule for an old man\nan aging ghost for this woman\nkitajec\n\nwithdrawn and gone\ndown\niris into orbit\nthe trip, and across the equator\ncrossing over to the other side\nin aloneness remembering the cross and God\nwith a crucified mind\nto align, assemblé\nthe heaven chaine\nor marionette strings\nfor the Clown of God\nkitajec\n\n\n\n\nNIGHT IN NIJINSKY (Version 2)\n\na black cloud like wire\nhung down the soft of the arms\nthe broken nerves of a tired will\nhands lateral to the pivot of the hips\nmen have touched before\nhear the voices outside the dressing room door\ndressed to kill\nfathers of my Femmka\n\nand all the soldiers\nsqueezed their faces\nscreaming eye for an eye\ndressed to die\nsinging on the shiny train\nwar wore on\npressure packed on the brain\n\nthe hips\nwithout a scratch\ndanced with the pain\nof a thousand mental wounds\nuntil the last time\nin the silk cathedral\nby the sweating piano\nand chair in which the muscles sat\nlooked at the people\ntheir faces flat\nbrothers of my Femmka\n\nand circles are the eyes\nthe pressure ate through\nblacken the eyelids\nwith the smoke of a world war\nthere the pederast whore\nsin\nabomination\nbending the pinewood\nthe stages creak\nthe curtains drawn\nnothing more\n\nbut a page at home littered with circles\nthere was no end no start\njust the truth of a set of endless points\nfor the sons of art\nand nobody knew\nperhaps Tolstoi\nand the crazy dancing boy\nKitajec\n\n~~~~~~~~~~~~~~~~~~~~~~~~~~~~~~~~~~~~\n\"NIGHT IN NIJINSKY\" (Versions 1 & 2)\n(c)1995 Bryan Douglas Wilhite\n~~~~~~~~~~~~~~~~~~~~~~~~~~~~~~~~~~~~",
  "Tag": "kb-1643336679"
}