{
  "Document": {
    "DocumentId": -1678805843,
    "Title": "TAKE A SECOND LOOK AT SODIUM",
    "DocumentShortName": null,
    "FileName": null,
    "Path": null,
    "CreateDate": "2004-05-22T00:34:02.423",
    "ModificationDate": "2004-05-22T00:34:02.423",
    "TemplateId": null,
    "SegmentId": 81,
    "IsRoot": false,
    "IsActive": true,
    "SortOrdinal": null,
    "ClientId": null,
    "Tag": null
  },
  "Content": "By Lindsay Edwards \n \nAside from watching food labels for sodium content, try these simple tips for controlling your sodium intake:\n\n* Dietitians teach that if a food has twice as much sodium as it does calories, then it's probably too much sodium. \n\n* Don't trust your taste buds. Many foods with a high sodium content do not, in fact, taste salty. \n\n* \"Unlearn\" your taste buds for sodium. Focus on enjoying the other flavors in foods. \n\n* Take a break from the salt shaker. Just one-fourth teaspoon of salt contains a whopping 600 milligrams of sodium. \n\n* Rinse off canned vegetables before eating them. You can cut sodium intake by 40 percent. \n\n* Limit other condiments that are high in sodium, like soy sauce, mustard, ketchup, and tartar sauce.\n\n* Some over-the-counter medications contain sodium, such as laxatives, headache pills, and alkalizers. Your doctor can better inform you, especially if you have salt-related high blood pressure.",
  "Tag": "kb-1678805843"
}