{
  "Document": {
    "DocumentId": -1132777349,
    "Title": "COM Ports and Interrupts",
    "DocumentShortName": null,
    "FileName": null,
    "Path": null,
    "CreateDate": "1998-11-28T17:31:50",
    "ModificationDate": "1998-11-28T17:31:50",
    "TemplateId": null,
    "SegmentId": 66,
    "IsRoot": false,
    "IsActive": true,
    "SortOrdinal": null,
    "ClientId": null,
    "Tag": null
  },
  "Content": "There are three COM ports: COM1, COM2, COM3 and COM4. Two of these ports are physical (usually COM1 and COM2) and the other two are logical. Windows 95 deals with physical and logical ports much easier than Windows NT 4.0. NT tends to be closely tied to the hardware and thereby more closely tied to COM1 and COM2. For example, my default Windows NT installation only sees COM1 and COM2 in the Ports Control Panel Applet.\n\nUsually, COM1 shares interrupt 4 (IRQ4) with COM3; COM2 shares interrupt 3 (IRQ3) with COM4. Here is the summary of typical COM port addresses and interrupts:\n\n    COM1 03F8 - 03FF IRQ4\n    COM2 02F8 - 02FF IRQ3\n    COM3 03E8 - 03EF IRQ4\n    COM4 02E8 - 02EF IRQ3\n\nTIP: Assume that quality motherboards are \"smart\" enough to handle these port settings for you (whether PNP or not). Leave address settings to \"auto\" or \"default\" in the BIOS as much as possible. Don't try to fight the system. Especially one running NT 4.0!\n\nTIP: Here is a summary of typical or traditional interrupt assignments:\n\n    00 Timer \n    01 Keyboard \n    02 Cascade (for interrupts above 8) \n    03 COM2, COM4 \n    04 COM1, COM3 \n    05 LPT2 \n    06 Floppy Controller \n    07 LPT1 \n    08 Clock \n    09 Sometimes used for ISA in a PCI computer \n    12 PS2 Mouse Port \n    13 Math Coprocessor \n    14 IDE Controller \n\nNote that interrupts 10 and 11 are generally not used.",
  "Tag": "kb-1132777349"
}