{
  "Document": {
    "DocumentId": -1330737649,
    "Title": "THE SCOOP ON RICE",
    "DocumentShortName": null,
    "FileName": null,
    "Path": null,
    "CreateDate": "2000-08-14T21:03:00",
    "ModificationDate": "2000-08-14T21:03:00",
    "TemplateId": null,
    "SegmentId": 81,
    "IsRoot": false,
    "IsActive": true,
    "SortOrdinal": null,
    "ClientId": null,
    "Tag": null
  },
  "Content": "By Lindsay Edwards \n \nIf you're a rice lover, you'll be relieved to know that rice is \nnaturally low in fat. In fact, a cup of plain, steamed rice provides a mere 200 calories and less than two grams of fat. Unfortunately, most of us often prefer our rice dish with a little added flavor, which means added fat. \n\nAs you add butter, margarine, or vegetable oil to rice to cook or \nsaute it, that fat content can really begin to climb. Only one \nteaspoon of butter, margarine, or vegetable oil adds nine to 12 grams of extra fat and an additional 100 calories! Yes, one cup of tasty Chinese fried rice equates to about 370 calories and a whopping 12 grams of fat! \n\nTo still get a flavorful helping of tasty rice without a lot of the \nadded calories and fat, try these ideas: \n - Mix cooked rice with equal amounts of sauteed veggies, such as \ncarrots, onions, broccoli, or zucchini, cooked in olive oil. \n- Combine a serving of fried rice with a heaping amount of steamed \nvegetables.",
  "Tag": "kb-1330737649"
}