{
  "Document": {
    "DocumentId": -1249898021,
    "Title": "CSS: List Simple Selectors Before Class Selectors",
    "DocumentShortName": null,
    "FileName": null,
    "Path": null,
    "CreateDate": "1998-12-18T12:49:30",
    "ModificationDate": "1998-12-18T12:49:30",
    "TemplateId": null,
    "SegmentId": 67,
    "IsRoot": false,
    "IsActive": true,
    "SortOrdinal": null,
    "ClientId": null,
    "Tag": null
  },
  "Content": "For the greatest effect in a browser's implementation of cascading order, list simple selectors before class selectors. The following CSS content illustrates this idea:\n\n    /* (c) 1998 Bryan Wilhite */\n    /* rasx@kintespace.com */\n\n    /* Simple Selectors */\n    BODY, P, TD { font-family: Verdana, Helvetica, sans-serif; }\n\n    /* CLASS-Tag Selectors */\n    .blockbottom { vertical-align: bottom }\n    .blockjustify { text-align: justify }\n    .blockright { text-align: right }\n    .blocktop { vertical-align: top }\n    .bold { font-weight: bold; }\n    .green {\n        color: #00FF00;\n        font-weight: bold;\n    }\n    .gunmetal {\n        background-color: #C0C0C0;\n        color: #000000;\n    }\n    .normal { font-weight: normal; }\n    .red {\n        color: #FF0000;\n        font-weight: bold;\n    }",
  "Tag": "kb-1249898021"
}