{
  "Document": {
    "DocumentId": -24999930,
    "Title": "Microsoft Money: Balancing",
    "DocumentShortName": null,
    "FileName": null,
    "Path": null,
    "CreateDate": "1999-08-24T19:30:49",
    "ModificationDate": "1999-08-24T19:30:49",
    "TemplateId": null,
    "SegmentId": 81,
    "IsRoot": false,
    "IsActive": true,
    "SortOrdinal": null,
    "ClientId": null,
    "Tag": null
  },
  "Content": "Money GW Account Balance = Actual Balance - Money Pseudo Savings Balance; the actual balance is reduced by the pseudo account; plain and simple. ",
  "Tag": "kb-24999930"
}