{
  "Document": {
    "DocumentId": -24999864,
    "Title": "Email Blurb: Poetry Rejection Letter",
    "DocumentShortName": null,
    "FileName": null,
    "Path": null,
    "CreateDate": "2002-05-23T10:07:28.44",
    "ModificationDate": "2002-05-23T10:07:28.44",
    "TemplateId": null,
    "SegmentId": 80,
    "IsRoot": false,
    "IsActive": true,
    "SortOrdinal": null,
    "ClientId": null,
    "Tag": null
  },
  "Content": "I have received your submission. The style and tone of these poems in particular are outside the scope of the kinte space. Your previous submission will not be published in the kinte space.\n\nAccording to Yahoo!(TM) there are over 500 poetry WWW sites that publish on the web. You may want to see these sites at\n\nhttp://www.yahoo.com/Arts/Humanities/Literature/Poetry/Web_Published_Poetry/\n\nIn any case, please do not feel kinte-space alienated! Show your strength by visiting us anyway, to watch, listen and read what is going on here! Equally, I encourage you to continue writing and sending new  submissions to our little terrestrial project!",
  "Tag": "kb-24999864"
}