{
  "Document": {
    "DocumentId": -24999805,
    "Title": "Sizing the Form Window to Fit the Form",
    "DocumentShortName": null,
    "FileName": null,
    "Path": null,
    "CreateDate": "1998-08-07T13:36:58",
    "ModificationDate": "1998-08-07T13:36:58",
    "TemplateId": null,
    "SegmentId": 63,
    "IsRoot": false,
    "IsActive": true,
    "SortOrdinal": null,
    "ClientId": null,
    "Tag": null
  },
  "Content": "In order for the following sub-routine to work, a custom menu must be assigned to the form with the DoMenuItem action Size Window to Fit Form.\n\nSub Form_Load ()\n    '\n    'Among other things, this event uses the custom menu\n    'to size the Window via old-fashioned SendKeys crap.\n    '\n    SendKeys \"%MW\"\nEnd Sub\n\nNOTE: In Access 97, there is the acCmdSizeToFitForm parameter of the RunCommand method of the DoCmd object.",
  "Tag": "kb-24999805"
}