{
  "Document": {
    "DocumentId": -24999983,
    "Title": "Caligari trueSpace: Boolean Operations with Primitive Objects of Equal Longitude",
    "DocumentShortName": null,
    "FileName": null,
    "Path": null,
    "CreateDate": "1999-08-24T19:27:30",
    "ModificationDate": "1999-08-24T19:27:30",
    "TemplateId": null,
    "SegmentId": 62,
    "IsRoot": false,
    "IsActive": true,
    "SortOrdinal": null,
    "ClientId": null,
    "Tag": null
  },
  "Content": "To make the most seamless boolean union possible, the objects should be aligned and of equal longitude such that vertices \"touch.\" In the simple case of an aligned sphere and cylinder of the same longitude, the vertical lines of the cylinder will appear tangential to the sphere longitude lines when the are both placed at the origin via the Primitives panel. Using snap to grid helps facilitate alignment.",
  "Tag": "kb-24999983"
}