{
  "Document": {
    "DocumentId": -24999975,
    "Title": "HTML: America Online; Page Hit (CGI) Counter",
    "DocumentShortName": null,
    "FileName": null,
    "Path": null,
    "CreateDate": "1999-03-14T21:01:16",
    "ModificationDate": "1999-03-14T21:01:16",
    "TemplateId": null,
    "SegmentId": 67,
    "IsRoot": false,
    "IsActive": true,
    "SortOrdinal": null,
    "ClientId": null,
    "Tag": null
  },
  "Content": "Each screen name hierarchy can maintain a single counter, which will display on your web page as an 8-digit odometer. The hypertext markup\n\n<IMG SRC=\"/cgi-bin/counter?screenname\">\n\nwhere screenname is the AOL screen name of the owner of this page.",
  "Tag": "kb-24999975"
}