{
  "Document": {
    "DocumentId": -24999870,
    "Title": "Windows 95: Changing the MenuShowDelay Line in the Registry to Make the Start Menu Cascading Menus Appear More Quickly",
    "DocumentShortName": null,
    "FileName": null,
    "Path": null,
    "CreateDate": "2003-07-31T14:45:58",
    "ModificationDate": "2003-07-31T14:45:58",
    "TemplateId": null,
    "SegmentId": 79,
    "IsRoot": false,
    "IsActive": true,
    "SortOrdinal": null,
    "ClientId": null,
    "Tag": null
  },
  "Content": "As the mouse pointer  moves among the menus and submenus under the Start Menu in the Explorer shell, submenus automatically cascade after a set amount of time the mouse arrow rests at a location with a solid-black right-pointing arrow.\n\nThis time is set in milliseconds in the MenuShowDelay line of the Registry. The path is\n\nHKEY_CURRENT_USER\\Control Panel\\desktop\\MenuShowDelay\n\nSomehow this value was set to over 65,000 which led me to believe that something was wrong with my mouse!",
  "Tag": "kb-24999870"
}