{
  "Document": {
    "DocumentId": -24999872,
    "Title": "Windows 95; Lucasarts Rebel Assault CD-ROM; Shortcut Settings",
    "DocumentShortName": null,
    "FileName": null,
    "Path": null,
    "CreateDate": "1998-11-28T17:56:56",
    "ModificationDate": "1998-11-28T17:56:56",
    "TemplateId": null,
    "SegmentId": 71,
    "IsRoot": false,
    "IsActive": true,
    "SortOrdinal": null,
    "ClientId": null,
    "Tag": null
  },
  "Content": "For more details please see \"Microsoft Windows 95; Lucasarts X-Wing Collectors CD-ROM; EMM386 considerations.\" Current shortcuts settings are:\n\nProgram > Advanced... > MS-DOS mode is enabled.\n\nProgram > Advanced... > Use current MS-DOS configuration  is enabled. The current configuration is listed in the subject mentioned above.\n\nScreen > Usage > Full Screen is checked.\n\nScreen > Performance > Dynamic memory allocation is NOT checked.\n\nMisc > Foreground > Allow screen saver is NOT checked.\n\nMisc > Mouse > Exclusive mode is enabled.\n\nMisc > Idle sensitivity is set to the lowest possible value.",
  "Tag": "kb-24999872"
}