{
  "Document": {
    "DocumentId": -24999929,
    "Title": "Microsoft Money: Getting a Credit Report",
    "DocumentShortName": null,
    "FileName": null,
    "Path": null,
    "CreateDate": "1999-08-24T19:31:01",
    "ModificationDate": "1999-08-24T19:31:01",
    "TemplateId": null,
    "SegmentId": 81,
    "IsRoot": false,
    "IsActive": true,
    "SortOrdinal": null,
    "ClientId": null,
    "Tag": null
  },
  "Content": "TRW Inc.\nP.O. Box 749029\nDallas, Texas 75374\n\nTransUnion Corp.\n25249 Country Club Blvd.\nP.O. Box 7000\nNorth Oimstead, Ohio 4470\n\nEquifax Inc. Information Service Center\nP.O. Box 740241\nAtlanta, GA 30374",
  "Tag": "kb-24999929"
}