{
  "Document": {
    "DocumentId": -24999979,
    "Title": "Creative Labs AWE32: Vienna 2.0; Making Mono Samples Stereo",
    "DocumentShortName": null,
    "FileName": null,
    "Path": null,
    "CreateDate": "1999-02-10T08:30:03",
    "ModificationDate": "1999-02-10T08:30:03",
    "TemplateId": null,
    "SegmentId": 65,
    "IsRoot": false,
    "IsActive": true,
    "SortOrdinal": null,
    "ClientId": null,
    "Tag": null
  },
  "Content": "Vienna 2.0 supports stereo sound samples by using the mono 16-bit CD quality samples required in previous versions. When a stereo sound file is imported, it is split into its left and right channels in two separate files. A stereo effect can be achieved by using more than one zone under an Instrument. Each zone can be panned and delayed to make some interesting stereo effects.",
  "Tag": "kb-24999979"
}