{
  "Document": {
    "DocumentId": -24999769,
    "Title": "Definitions of Introductory, Intermediate And Advanced Skills",
    "DocumentShortName": null,
    "FileName": null,
    "Path": null,
    "CreateDate": "1998-05-19T09:16:53",
    "ModificationDate": "1998-05-19T09:16:53",
    "TemplateId": null,
    "SegmentId": 75,
    "IsRoot": false,
    "IsActive": true,
    "SortOrdinal": null,
    "ClientId": null,
    "Tag": null
  },
  "Content": "According to Applications Developers (www.appdev.com), these are the skill levels:\n\nIntroductory\n>The IDE\n> Controls\n> Events\n> Compiliation and Distribution\n> VBA\n> Forms\n> Menus\n\nIntermediate\n> Objects\n> DAO\n> Multi-User Applications\n> Class Module Techniques\n> MDI Applications\n> Windows API\n> Printing\n> Crystal Reports\n> Optimization Techniques\n> On-Line Help\n> Writing to the Registry\n\nAdvanced\n> Concepts of ActiveX\n> Automation\n> Distributed COM\n> Building ActiveX Controls\n> RDO\n> Internet Related Functionality",
  "Tag": "kb-24999769"
}