{
  "Document": {
    "DocumentId": -24999965,
    "Title": "Date: 12/07/94 5:53 PM; On-line?",
    "DocumentShortName": null,
    "FileName": null,
    "Path": null,
    "CreateDate": "2001-10-28T16:44:39.393",
    "ModificationDate": "2001-10-28T16:44:39.393",
    "TemplateId": null,
    "SegmentId": 71,
    "IsRoot": false,
    "IsActive": true,
    "SortOrdinal": null,
    "ClientId": null,
    "Tag": null
  },
  "Content": "I am waiting for AOL to approve my submission. It has strong language (just as strong as Caffeine's e-zine) but my language might not be as PC as Caffeine's grunge language.",
  "Tag": "kb-24999965"
}