{
  "Document": {
    "DocumentId": -255839861,
    "Title": "Email Blurb: Acceptance Letter (HTML)",
    "DocumentShortName": null,
    "FileName": null,
    "Path": null,
    "CreateDate": "2002-05-23T10:09:04.23",
    "ModificationDate": "2002-05-23T10:09:04.23",
    "TemplateId": null,
    "SegmentId": 80,
    "IsRoot": false,
    "IsActive": true,
    "SortOrdinal": null,
    "ClientId": null,
    "Tag": null
  },
  "Content": "Thanks:\n\nThank you for your submission to the kinte space! We would like to present your work on our WWW site. The form of the presentation will be an HTML page \"type set\" with Cascading Style Sheets. This is the most versitile way of publishing your work on the World Wide Web.\n\n\nRights:\n\nYou have the right to duplicate the www.kintespace.com page(s) marked with your copyright. Duplication includes printing hard copies. You do not have the right to change its contents or sell it without written permission from Bryan Wilhite.\n\n\nPublication Date:\n\nYou will be notified along with other Haley's Comet recipients when your presentation is ready for publication. Choose a time scale like that of traditional publishing when you judge how far away your publication date is.\n\n\nAdditional Material:\n\nWe strongly suggest that you provide us with a bio or background prose about your submitted work. Please provide any published books or audio CDs that you found inspiring. If you are a published writer (meaning you have bound material with an ISBN number assigned to it) please let us know!\n\n\nSelf-Promotion:\n\nIf you are in the healthy habit of self-promotion (remember it's not bragging if you can back it up), please mention where some of your online work is---especially your work published in the kinte space!\n\n\nThanks again!",
  "Tag": "kb-255839861"
}