{
  "Document": {
    "DocumentId": -24999955,
    "Title": "Netcom Shell; Inserting a Text File Into a Pine Message",
    "DocumentShortName": null,
    "FileName": null,
    "Path": null,
    "CreateDate": "1998-06-09T13:47:19",
    "ModificationDate": "1998-06-09T13:47:19",
    "TemplateId": null,
    "SegmentId": 68,
    "IsRoot": false,
    "IsActive": true,
    "SortOrdinal": null,
    "ClientId": null,
    "Tag": null
  },
  "Content": "Trying to cut and paste text into pine causes Netcom's server to suspend the connection and even send e-mail with accusations of multiple logins! To avoid this, paste text into a pico editing session and save a file. Then run pine and type Ctrl-R to read in this file. This pico session technique is especially useful for the .addressbook file. ",
  "Tag": "kb-24999955"
}