{
  "Document": {
    "DocumentId": -24999775,
    "Title": "SQL: SELECTing Duplicates",
    "DocumentShortName": null,
    "FileName": null,
    "Path": null,
    "CreateDate": "2000-12-24T14:52:36.69",
    "ModificationDate": "2000-12-24T14:52:36.69",
    "TemplateId": null,
    "SegmentId": 72,
    "IsRoot": false,
    "IsActive": true,
    "SortOrdinal": null,
    "ClientId": null,
    "Tag": null
  },
  "Content": "Let's project Column1 in Table1 and look for duplicates. The SQL syntax for this is:\n\n    SELECT Column1 FROM Table1\n    GROUP BY Column1\n    HAVING Count(*) > 1\n\nNOTE: the argument of Count() relates to the projections of GROUP BY.",
  "Tag": "kb-24999775"
}