{
  "Document": {
    "DocumentId": -24999984,
    "Title": "Recording: Microphones \"Buyer's Guide\"; the Purpose of Headphones",
    "DocumentShortName": null,
    "FileName": null,
    "Path": null,
    "CreateDate": "2000-03-07T20:38:16",
    "ModificationDate": "2000-03-07T20:38:16",
    "TemplateId": null,
    "SegmentId": 65,
    "IsRoot": false,
    "IsActive": true,
    "SortOrdinal": null,
    "ClientId": null,
    "Tag": null
  },
  "Content": "Videomaker Magazine 7/95 p.60: an entry-level mic is dynamic and unidirectional. Rec brands: Azden DX-431 ($30); Audio-Technica ATR30 ($60).\n\nThe Shure SM-57 is a durable and versatile microphone. The Shure SM-58 is another inexpensive choice for recording vocals.\n\nThe quality of headphones is not really an issue if the are meant as a \"reference monitor\" for the vocalist. Any decent pair of headphones will do this job.\n\nsamash.com: AKG C1000S Microphone. Excellent vocal microphone works perfect even from a greater distance, e.g. for picking up choirs and so on. Outstanding performance when used for instruments. Ideal for home recording applications. A special converter (PPC 1000) turns the microphone characteristics from cardioid into hypercardioid, if it is mounted on the mic top. The new PB 1000 Presence Boost Adapter provides an additional 5-dB high-frequency peak in the cardioid mode adding brilliance in the 5 to 9 kHz range.",
  "Tag": "kb-24999984"
}