{
  "Document": {
    "DocumentId": -24999962,
    "Title": "Netcom Shell; Viewing the FTP Directory",
    "DocumentShortName": null,
    "FileName": null,
    "Path": null,
    "CreateDate": "1998-06-09T13:48:38",
    "ModificationDate": "1998-06-09T13:48:38",
    "TemplateId": null,
    "SegmentId": 68,
    "IsRoot": false,
    "IsActive": true,
    "SortOrdinal": null,
    "ClientId": null,
    "Tag": null
  },
  "Content": "The command\n\nls -al /ftp/pub/ra/rasx\n\ndisplays a listing of the files in my ftp directory.",
  "Tag": "kb-24999962"
}