{
  "Document": {
    "DocumentId": -24999964,
    "Title": "Netcom Shell: Setting up a PPP Session on a Power Macintosh; System 7.x",
    "DocumentShortName": null,
    "FileName": null,
    "Path": null,
    "CreateDate": "1998-08-18T21:08:28",
    "ModificationDate": "1998-08-18T21:08:28",
    "TemplateId": null,
    "SegmentId": 68,
    "IsRoot": false,
    "IsActive": true,
    "SortOrdinal": null,
    "ClientId": null,
    "Tag": null
  },
  "Content": "1. Install Open Transport (OT 1.1.2). You may want to turn off virus detection during installation.\n\n2. Install Open Transport PPP (1.0)\n\n3. Run Control Panel TCP/IP with the following settings: Connect Via = PPP; Configure = Manually; IP Address/ Name Server Domains = 199.182.120.203\n\n4. Run Control Panel PPP: enter name and password; Number = 9,1-310-815-4000; Options... Protocol = Connect to a command-line host = Use terminal window.\n\n5. Run modem control panel and choose modem.",
  "Tag": "kb-24999964"
}