{
  "Document": {
    "DocumentId": -24999904,
    "Title": "Pacrim Syquest 105; Copying Files \"Safer\" Than Moving Files",
    "DocumentShortName": null,
    "FileName": null,
    "Path": null,
    "CreateDate": "1998-02-10T15:48:42",
    "ModificationDate": "1998-02-10T15:48:42",
    "TemplateId": null,
    "SegmentId": 66,
    "IsRoot": false,
    "IsActive": true,
    "SortOrdinal": null,
    "ClientId": null,
    "Tag": null
  },
  "Content": "It appears that copying files is safer than moving them in Windows when a Syquest disk is involved. I have not found an error since I have engaged in this practice and files can be easily verified this way as well. ",
  "Tag": "kb-24999904"
}