{
  "Document": {
    "DocumentId": -2077170540,
    "Title": "SHEDDING LIGHT ON LONG-TERM WEIGHT LOSS",
    "DocumentShortName": null,
    "FileName": null,
    "Path": null,
    "CreateDate": "1999-10-26T08:37:28",
    "ModificationDate": "1999-10-26T08:37:28",
    "TemplateId": null,
    "SegmentId": 81,
    "IsRoot": false,
    "IsActive": true,
    "SortOrdinal": null,
    "ClientId": null,
    "Tag": null
  },
  "Content": "The National Weight Control Registry (NWCR) has been tracking \nsuccessful \"losers\" since 1993. \n\nThe registry is a database, not a treatment plan, established and \nmaintained by researchers at the University of Colorado Health Science Center and the University of Pittsburgh School of Medicine. It is designed to gather insight and information from individuals who have successfully maintained a significant weight loss. \n\nIn addition to religiously burning an average of 2,800 calories per week through exercise, most NWCR \"losers\" report succeeding after gaining tighter control of their eating habits. \n\nWhile being part of the registry is a big win for many folks, don't think they're overnight success stories. The average registrant is 5 years old and has gone from 220 to 154 pounds, which is a loss of \nabout 30 percent of their body weight. Many had been overweight since childhood, and more than 90 percent report multiple weight gains and losses (to the tune of 270 pounds per person) before finding what permanently works for them. About half report being involved in some type of organized weight-management program, while the remainder has gone it alone. \n\nIf you're a successful \"loser\" and would like to be involved in this worthwhile, ongoing project, contact the NWCR at 1-800-606-6927. To qualify, you must have lost a minimum of 30 pounds and kept it off for at least a year.",
  "Tag": "kb-2077170540"
}