{
  "Document": {
    "DocumentId": -24999820,
    "Title": "Storing a Query Without Its Underlying Table(s)",
    "DocumentShortName": null,
    "FileName": null,
    "Path": null,
    "CreateDate": "1998-02-10T15:48:42",
    "ModificationDate": "1998-02-10T15:48:42",
    "TemplateId": null,
    "SegmentId": 63,
    "IsRoot": false,
    "IsActive": true,
    "SortOrdinal": null,
    "ClientId": null,
    "Tag": null
  },
  "Content": "By saving a stored query in SQL View you can store a query without its underlying tables. This is often useful when you need to keep queries in a temporary database used as a \"palette\" for a database under development.",
  "Tag": "kb-24999820"
}