{
  "Document": {
    "DocumentId": -24999871,
    "Title": "Windows 95: Setting the System-level Parameters for Direct Cable Connection",
    "DocumentShortName": null,
    "FileName": null,
    "Path": null,
    "CreateDate": "2003-07-31T14:46:29",
    "ModificationDate": "2003-07-31T14:46:29",
    "TemplateId": null,
    "SegmentId": 79,
    "IsRoot": false,
    "IsActive": true,
    "SortOrdinal": null,
    "ClientId": null,
    "Tag": null
  },
  "Content": "Direct cable connection is very complicated. It involves only two Control Panel Applets (Network and perhaps Passwords) but has several variables to be dealt with. This is the sketch of how to get it to work based on the assumption that we have two computers not connected to a network:\n\nUse the Network applet to install the Microsoft Networks client, the Microsoft File and Printer Sharing service and the IPX/SPX-compatible protocol on both the host and guest computer.\n\nFor the Microsoft Networks client select Quick logon under Properties > Network logon options.\n\nFor the IPX/SPX-compatible protocol select Client for Microsoft Networks and File and printer sharing for Microsoft Networks under the Bindings tab.\n\nFor Microsoft File and Printer Sharing set Browse Master to Automatic (I'm not sure if this helps). Leave LM Announce set to No.\n\nUnder Primary Network Logon in the Network applet Configuration page select Windows Logon.\n\nIn the Network applet Identification page use simple computer names (short names with no spaces), and use the same Workgroup name (e.g. \"Default\") on both the host and guest computers (again, I'm not sure if this helps). When logging in the guest compter you may be prompted for the host computer name.\n\nIn the Passwords applet, on the Remote Administration page make sure Enable Remote Administration of this server is selected for both the host and guest computers. Also (this might be overkill) use the same password on both computers.\n\nOn the host computer make sure that folders are being shared, not entire disk volumes (I'm not sure if this helps).",
  "Tag": "kb-24999871"
}