{
  "Document": {
    "DocumentId": -24999954,
    "Title": "Uploading Macintosh .HQX Files From An IBM Compatible PC",
    "DocumentShortName": null,
    "FileName": null,
    "Path": null,
    "CreateDate": "1998-06-09T13:41:50",
    "ModificationDate": "1998-06-09T13:41:50",
    "TemplateId": null,
    "SegmentId": 68,
    "IsRoot": false,
    "IsActive": true,
    "SortOrdinal": null,
    "ClientId": null,
    "Tag": null
  },
  "Content": "To upload HQX files from a PC use binary file transfer as Macinotsh text is different from PC text. (HQX files are text encoded.) ",
  "Tag": "kb-24999954"
}