{
  "Document": {
    "DocumentId": -24999804,
    "Title": "Linked Tables; Referential Integrity Enforced for Native Jet Tables",
    "DocumentShortName": null,
    "FileName": null,
    "Path": null,
    "CreateDate": "1998-06-17T21:04:05",
    "ModificationDate": "1998-06-17T21:04:05",
    "TemplateId": null,
    "SegmentId": 64,
    "IsRoot": false,
    "IsActive": true,
    "SortOrdinal": null,
    "ClientId": null,
    "Tag": null
  },
  "Content": "For attached tables in native Jet format (Access attached tables), referential integrity rules are enforced in the originating .MDB file. You cannot \"re-establish\" a relationship between linked tables that already have referential integrity defined elsewhere.\n\nIn the Relationship window the nature of their link will be deemed \"Indeterminate\" instead of many-to-many or one-to-one. Recall that, in general, indeterminate relationships are due to one or more tables having no indexes defined.",
  "Tag": "kb-24999804"
}