{
  "Document": {
    "DocumentId": -24999958,
    "Title": "Netcom Shell; Custom 'Modemload' Command; Eudora; News",
    "DocumentShortName": null,
    "FileName": null,
    "Path": null,
    "CreateDate": "1998-05-22T10:25:41",
    "ModificationDate": "1998-05-22T10:25:41",
    "TemplateId": null,
    "SegmentId": 68,
    "IsRoot": false,
    "IsActive": true,
    "SortOrdinal": null,
    "ClientId": null,
    "Tag": null
  },
  "Content": "My 'modemload' alias is really 'rup localhost' which checks the level resources used for dial-in users. If the values get around 10 then mail and news might not be accessible via ppp (SLiRP clients). ",
  "Tag": "kb-24999958"
}