{
  "Document": {
    "DocumentId": -24999974,
    "Title": "Date: 1/7/95 10:57 PM; AOL Prescence Recorded",
    "DocumentShortName": null,
    "FileName": null,
    "Path": null,
    "CreateDate": "2001-10-28T16:44:51.9",
    "ModificationDate": "2001-10-28T16:44:51.9",
    "TemplateId": null,
    "SegmentId": 71,
    "IsRoot": false,
    "IsActive": true,
    "SortOrdinal": null,
    "ClientId": null,
    "Tag": null
  },
  "Content": "I've been narrowcasting since on or about 12/17. I have 10 downloads so far. I think that is pretty good in view of the Mac-dominated AOL Writers Club. I've secured the self-proclaimed megalomaniac Roland X for a future show.",
  "Tag": "kb-24999974"
}