{
  "Document": {
    "DocumentId": -24999863,
    "Title": "Promotion: Site Description",
    "DocumentShortName": null,
    "FileName": null,
    "Path": null,
    "CreateDate": "2002-05-23T10:07:54.757",
    "ModificationDate": "2002-05-23T10:07:54.757",
    "TemplateId": null,
    "SegmentId": 80,
    "IsRoot": false,
    "IsActive": true,
    "SortOrdinal": null,
    "ClientId": null,
    "Tag": null
  },
  "Content": "A whirl of ideas wake out of a world pool with words, sounds, motions and stills. Come by and take a dip into the \"deep.\"",
  "Tag": "kb-24999863"
}