{
  "Document": {
    "DocumentId": -24999906,
    "Title": "CPU; Intel's Pentium Bug c. 1994",
    "DocumentShortName": null,
    "FileName": null,
    "Path": null,
    "CreateDate": "1998-11-28T17:37:39",
    "ModificationDate": "1998-11-28T17:37:39",
    "TemplateId": null,
    "SegmentId": 66,
    "IsRoot": false,
    "IsActive": true,
    "SortOrdinal": null,
    "ClientId": null,
    "Tag": null
  },
  "Content": "Compute the following division formula: (4195835*256)/(3145727/256). A flawed Pentium chip will return 87407.9 while a healthy chip return 87413.3.",
  "Tag": "kb-24999906"
}