{
  "Document": {
    "DocumentId": -24999875,
    "Title": "Using the FreeFile Function",
    "DocumentShortName": null,
    "FileName": null,
    "Path": null,
    "CreateDate": "1998-05-19T09:17:43",
    "ModificationDate": "1998-05-19T09:17:43",
    "TemplateId": null,
    "SegmentId": 76,
    "IsRoot": false,
    "IsActive": true,
    "SortOrdinal": null,
    "ClientId": null,
    "Tag": null
  },
  "Content": "The following code fragment demonstrates how the FreeFile function searches for a free file number when opening a file:\n\nDim i As Integer\n    i = FreeFile\n    Open <file> For Input As #i\n        Do Until EOF(i)\n            <stuff>\n        Loop\n    Close #i\n\nUse this technique when there is uncertainty about about the file numbers in use.",
  "Tag": "kb-24999875"
}