{
  "Document": {
    "DocumentId": -24999874,
    "Title": "Kensington Expert Mouse; PC Concepts Wave Keyboard; Loose Pin Connections Cause Mouse Problems",
    "DocumentShortName": null,
    "FileName": null,
    "Path": null,
    "CreateDate": "1998-11-28T17:12:32",
    "ModificationDate": "1998-11-28T17:12:32",
    "TemplateId": null,
    "SegmentId": 66,
    "IsRoot": false,
    "IsActive": true,
    "SortOrdinal": null,
    "ClientId": null,
    "Tag": null
  },
  "Content": "If the mouse arrow jumps to the upper right-hand corner of the screen or if Windows fails to detect a mouse at start up, check the connections of the mouse serial port in the system unit and the plug into the Kensington mouse. These connections are uncommonly sensitive to stress.\n\nUPDATE: I have contacted Kensington and they sent me a replacement cable free of charge. This solved the problem.",
  "Tag": "kb-24999874"
}