{
  "Document": {
    "DocumentId": -24999973,
    "Title": "Browsers Not Supporting HTTP Downloads; Netscape, Internet Explorer 2.x",
    "DocumentShortName": null,
    "FileName": null,
    "Path": null,
    "CreateDate": "1998-06-09T13:29:36",
    "ModificationDate": "1998-06-09T13:29:36",
    "TemplateId": null,
    "SegmentId": 68,
    "IsRoot": false,
    "IsActive": true,
    "SortOrdinal": null,
    "ClientId": null,
    "Tag": null
  },
  "Content": "Netscape and Microsoft Internet Explorer 2.x do not support HTTP downloads. This probably applies to AOL 2.x for both Mac and PC. The symptoms of this is when a URL pointing to a binary file in an HTTP serviced directory jumps to a new page and starts loading ASCII garbage instead of proceeding to a file transfer dialog. ",
  "Tag": "kb-24999973"
}