{
  "Document": {
    "DocumentId": -24999953,
    "Title": "Iomega; Zip Drive; Windows 95 Plug And Play Procedure for Turning on And Off",
    "DocumentShortName": null,
    "FileName": null,
    "Path": null,
    "CreateDate": "1998-11-28T17:09:34",
    "ModificationDate": "1998-11-28T17:09:34",
    "TemplateId": null,
    "SegmentId": 66,
    "IsRoot": false,
    "IsActive": true,
    "SortOrdinal": null,
    "ClientId": null,
    "Tag": null
  },
  "Content": "Since the Zip's AC adapter gets hot if left on (and the drive is not needed all the time) it should be turned off.\n\nThe straight-forward method involves turning the drive off, and rebooting Windows 95. Because the drive is turned off, Windows 95 fails to detect the drive and disables the driver with a \"device not functioning properly\" message in the Device Manager. Unfortunately, turning the drive on after Win95 has deemed the driver function invalid generates more errors and the Zip will not function.\n\nTo turn the Zip drive off (and on) without errors, the driver must be disabled in the Device Manager by unchecking the Original Configuration box under Device Usage in the Properties... section of the Device Manager while the Zip is powered on. After Windows 95 disables the driver the Zip drive can be powered off.\n\nTo activate the driver and the drive, turn the Zip on, put in a disk and check the Original Configuration box in the Device Manager.",
  "Tag": "kb-24999953"
}