{
  "Document": {
    "DocumentId": -24999900,
    "Title": "Pacrim Syquest 105; the Importance of the SHARE Utility",
    "DocumentShortName": null,
    "FileName": null,
    "Path": null,
    "CreateDate": "1998-02-10T15:48:42",
    "ModificationDate": "1998-02-10T15:48:42",
    "TemplateId": null,
    "SegmentId": 66,
    "IsRoot": false,
    "IsActive": true,
    "SortOrdinal": null,
    "ClientId": null,
    "Tag": null
  },
  "Content": "SHARE prevents two processes from writing to the same file simultaneously. This can happen when moving files between disks in the File Manager. See current AUTOEXEC.BAT file for more info. SHARE is essential in multitasking environs! ",
  "Tag": "kb-24999900"
}