{
  "Document": {
    "DocumentId": -24999981,
    "Title": "Windows 3.1: CD Audio; MCI Drivers",
    "DocumentShortName": null,
    "FileName": null,
    "Path": null,
    "CreateDate": "1999-02-10T08:46:51",
    "ModificationDate": "1999-02-10T08:46:51",
    "TemplateId": null,
    "SegmentId": 65,
    "IsRoot": false,
    "IsActive": true,
    "SortOrdinal": null,
    "ClientId": null,
    "Tag": null
  },
  "Content": "If no CD-ROM drive is detected in Windows 3.1, check to see if the setting is changed to \"0,\" in MPLAYER.INI. If the setting has changed, then set it to \"17.\" This setting can change when the operating system checks for a CD-ROM drive during a WinSetup driver installation or when the SYSTEM.INI is updated.",
  "Tag": "kb-24999981"
}