{
  "Document": {
    "DocumentId": -24999902,
    "Title": "Pacrim Syquest 105; Microsoft Windows 95; Explorer",
    "DocumentShortName": null,
    "FileName": null,
    "Path": null,
    "CreateDate": "1998-02-10T15:48:42",
    "ModificationDate": "1998-02-10T15:48:42",
    "TemplateId": null,
    "SegmentId": 66,
    "IsRoot": false,
    "IsActive": true,
    "SortOrdinal": null,
    "ClientId": null,
    "Tag": null
  },
  "Content": "Do not try to format a Syquest disk from the Explorer window. Try it from the My Computer window instead. ",
  "Tag": "kb-24999902"
}