{
  "Document": {
    "DocumentId": -24999921,
    "Title": "Windows 95: Apple QuickTime Legacy Issues; Install Both the 16- And 32-bit Version",
    "DocumentShortName": null,
    "FileName": null,
    "Path": null,
    "CreateDate": "2003-07-31T14:45:52",
    "ModificationDate": "2003-07-31T14:45:52",
    "TemplateId": null,
    "SegmentId": 79,
    "IsRoot": false,
    "IsActive": true,
    "SortOrdinal": null,
    "ClientId": null,
    "Tag": null
  },
  "Content": "Certain CD-ROM Multimedia applications built before Windows 95 will not recognize the 32-bit version of QuickTime. To remedy this a separate 16 bit version must be installed. ",
  "Tag": "kb-24999921"
}