{
  "Document": {
    "DocumentId": -24999901,
    "Title": "Pacrim Syquest 105; SMARTDrive 4.0",
    "DocumentShortName": null,
    "FileName": null,
    "Path": null,
    "CreateDate": "1998-02-10T15:48:42",
    "ModificationDate": "1998-02-10T15:48:42",
    "TemplateId": null,
    "SegmentId": 66,
    "IsRoot": false,
    "IsActive": true,
    "SortOrdinal": null,
    "ClientId": null,
    "Tag": null
  },
  "Content": "As with previous versions of SMARTDrive, version 4.0 is not compatible with Syquest removable storage devices.\"--Microsoft KB ",
  "Tag": "kb-24999901"
}