{
  "Document": {
    "DocumentId": -24999927,
    "Title": "Auto32ld; Adding Custom Controls by Default",
    "DocumentShortName": null,
    "FileName": null,
    "Path": null,
    "CreateDate": "1998-02-10T15:48:42",
    "ModificationDate": "1998-02-10T15:48:42",
    "TemplateId": null,
    "SegmentId": 74,
    "IsRoot": false,
    "IsActive": true,
    "SortOrdinal": null,
    "ClientId": null,
    "Tag": null
  },
  "Content": "Use the Auto32ld Visual Basic Project file in the VB4 application directory to load custom controls by default that are usually loaded per project via the Custom Controls dialog box. In fact you may need to manually add the controls then view the corresponding project file in a text editor to see what the \"Object=\" entry is. Cut and paste this entry into Auto32ld. ",
  "Tag": "kb-24999927"
}