{
  "Document": {
    "DocumentId": -24999803,
    "Title": "How to Completely Uninstall Access 97",
    "DocumentShortName": null,
    "FileName": null,
    "Path": null,
    "CreateDate": "1998-06-17T21:01:30",
    "ModificationDate": "1998-06-17T21:01:30",
    "TemplateId": null,
    "SegmentId": 64,
    "IsRoot": false,
    "IsActive": true,
    "SortOrdinal": null,
    "ClientId": null,
    "Tag": null
  },
  "Content": "Assuming Microsoft never changes its knowledge base cataloging system, refer to Q163997.",
  "Tag": "kb-24999803"
}