{
  "Document": {
    "DocumentId": -24999980,
    "Title": "Creative Labs AWE32: Vienna 2.0; Avoiding Multiple Samples And Names in SF2 Files.",
    "DocumentShortName": null,
    "FileName": null,
    "Path": null,
    "CreateDate": "1999-02-10T08:29:56",
    "ModificationDate": "1999-02-10T08:29:56",
    "TemplateId": null,
    "SegmentId": 65,
    "IsRoot": false,
    "IsActive": true,
    "SortOrdinal": null,
    "ClientId": null,
    "Tag": null
  },
  "Content": "When the user mistakenly gives the same names to User Samples, Instruments and Presets, Vienna 2.0 may \"keep the names unique\" by adding 1, 2, 3, etc. after each multiple name. Vienna will also duplicate the samples (adding 1, 2, 3, etc. after each duplicate) increasing the file size of the bank unnecessarily.\n\nTo avoid this and other errors (which may occur when trying to load the bank in the AWE32 Control Panel), use prefixes for each hierarchy. So for a user sample called BASSDRUM, use SMPL_BASSDRUM for the Sample, INST_BASSDRUM for the Instrument and BASSDRUM for the Preset. The Preset name appears in the AWE32 Control Panel.",
  "Tag": "kb-24999980"
}