{
  "Document": {
    "DocumentId": -39093093,
    "Title": "BENEFITS OF TEA TREE OIL",
    "DocumentShortName": null,
    "FileName": null,
    "Path": null,
    "CreateDate": "1999-08-26T21:19:52",
    "ModificationDate": "1999-08-26T21:19:52",
    "TemplateId": null,
    "SegmentId": 81,
    "IsRoot": false,
    "IsActive": true,
    "SortOrdinal": null,
    "ClientId": null,
    "Tag": null
  },
  "Content": "By Brigitte Mars, for healthshop.com  \n\nTea tree oil's antibacterial properties have been documented by researchers since the 1920s. It was a standard ingredient in Australian first aid kits until World War II. At home, tea tree oil can be applied to disinfect cuts, pimples, and fungal infections. \n\nGargling with two drops in a glass of warm water improves sore throats and a few drops rubbed on the chest or back helps relieve nasal congestion. It is one of the few essential oils that can be applied directly to the skin without dilution.",
  "Tag": "kb-39093093"
}