{
  "Document": {
    "DocumentId": -35660759,
    "Title": "YOUR CHILD'S NUTRITION",
    "DocumentShortName": null,
    "FileName": null,
    "Path": null,
    "CreateDate": "2000-01-17T00:12:16",
    "ModificationDate": "2000-01-17T00:12:16",
    "TemplateId": null,
    "SegmentId": 81,
    "IsRoot": false,
    "IsActive": true,
    "SortOrdinal": null,
    "ClientId": null,
    "Tag": null
  },
  "Content": "By Lindsay Edwards \n\nParents have many opinions on how and what to feed their children, most of which stem from how they were raised. In fact, most parents believe that they must control their children's eating habits. It's up to them to decide what foods to buy and even how these foods are prepared and served. However, research suggests that children are naturally able to regulate how they eat, without intervention from adults. How? \n\nFirst, research suggests that children whose parents are less controlling of how much they eat are better able to control their own weight. When you tell your children how much to eat, you are telling them to ignore their own body signals, such as a growling belly. Teach your children to listen to their bodies and eat as much or as little as necessary to be satisfied. \n\nSecond, it has been proven that children are more likely to try new foods when they exist in an environment that is free of pressure from their parents. As a result, they will learn to like new foods more easily. \n\nSo, parents, take note. Trust your children to know how much to eat and give them the opportunity to learn to like new foods without pressuring them.",
  "Tag": "kb-35660759"
}