{
  "Document": {
    "DocumentId": -443158331,
    "Title": "HTML: Setting the Width of SELECT Widgets for both Netscape and Microsoft 4.x Browsers",
    "DocumentShortName": null,
    "FileName": null,
    "Path": null,
    "CreateDate": "2000-12-31T10:16:54.243",
    "ModificationDate": "2000-12-31T10:16:54.243",
    "TemplateId": null,
    "SegmentId": 67,
    "IsRoot": false,
    "IsActive": true,
    "SortOrdinal": null,
    "ClientId": null,
    "Tag": null
  },
  "Content": "Netscape 4.x Browsers do not apply width values to SELECT tags via CSS. The proprietary WIDTH attribute must be used in the SELECT tag. Netscape 4.x and Microsoft 4.x browsers respond appropriately to the inline STYLE attribute shown below:\n\n    <SELECT\n        NAME=test\n        SIZE=1\n        STYLE=\"width: 250px;\"\n        WIDTH=250>\n\n    <OPTION VALUE=\"1\">This is 1</OPTION>\n    <OPTION VALUE=\"2\">This is two</OPTION>\n    <OPTION VALUE=\"3\">This is 3</OPTION>\n\n    </SELECT>",
  "Tag": "kb-443158331"
}