{
  "Document": {
    "DocumentId": -596330534,
    "Title": "Adobe Photoshop: 3.0; Tutorial; Lesson 4; Notes",
    "DocumentShortName": null,
    "FileName": null,
    "Path": null,
    "CreateDate": "1999-08-24T20:10:51",
    "ModificationDate": "1999-08-24T20:10:51",
    "TemplateId": null,
    "SegmentId": 62,
    "IsRoot": false,
    "IsActive": true,
    "SortOrdinal": null,
    "ClientId": null,
    "Tag": null
  },
  "Content": "Selected features introduced:\n(i) the Color Range command;\n(ii) linking layers for use with the Move tool;\n(iii) the Preserve Transparency option in the Fill command;\n(iv) the ability to Apply a Layer Mask before deleting it to save memory. \n\nProcedures:\n(i) the Defringe command does not detect contrasting colors on other layers (I suppose they must be merged first), this is probably why the tutorial has us erase areas of a layers composition that could be \"defringed\" (defringing can occur on a floating selection before it become a static layer);\n(ii) shadows can be made quickly by using a duplicate layer filled with black (transparency preserved), performing a Gaussian blur, using the move tool for shadow offset and dropping the opacity less than 100%.",
  "Tag": "kb-596330534"
}