{
  "Document": {
    "DocumentId": -556144079,
    "Title": "T-SQL: Notes on the Outer Join",
    "DocumentShortName": null,
    "FileName": null,
    "Path": null,
    "CreateDate": "1999-08-11T20:15:35",
    "ModificationDate": "1999-08-11T20:15:35",
    "TemplateId": null,
    "SegmentId": 72,
    "IsRoot": false,
    "IsActive": true,
    "SortOrdinal": null,
    "ClientId": null,
    "Tag": null
  },
  "Content": "Borrowing heavily from the writings of Microsoft, please consider TableA and TableB with ColumnA and ColumnB respectively. Here are the two outer joins in a WHERE clause:\n\n    TableA.ColumnA *= TableB.ColumnB\n\nThis means, \"Show all values in ColumnA but only the values in ColumnB where they are equal to those in ColumnA.\"\n\n    TableA.ColumnA =* TableB.ColumnB\n\nThis means, \"Show all values in ColumnB but only the values in ColumnA where they are equal to those in ColumnB.\"\n\nAn Outer Join cannot be used in the same SQL statement with an Equijoin. The prescence of Null values in columns used in an outer join produces unexpected results.",
  "Tag": "kb-556144079"
}