{
  "Document": {
    "DocumentId": -621649463,
    "Title": "T-SQL: Values Stored in Sybase/Microsoft Sysobjects Table",
    "DocumentShortName": null,
    "FileName": null,
    "Path": null,
    "CreateDate": "1999-02-09T11:37:47",
    "ModificationDate": "1999-02-09T11:37:47",
    "TemplateId": null,
    "SegmentId": 72,
    "IsRoot": false,
    "IsActive": true,
    "SortOrdinal": null,
    "ClientId": null,
    "Tag": null
  },
  "Content": "When browsing a Microsoft or Sybase SQL Server database, looking for system objects, use a query of form:\n\n    SELECT name FROM sysobjects\n    WHERE type = '<type>'\n\nwhere <type> can be one of the following:\n\nC - CHECK constraint \nD - Default or DEFAULT constraint\nF - FOREIGN KEY constraint \nK - PRIMARY KEY or UNIQUE constraint \nL  - Log\nP - Stored procedure\nR - Rule\nRF - Stored procedure for replication\nS - System table\nTR - Trigger\nU - User table\nV - View\nX - Extended stored procedure",
  "Tag": "kb-621649463"
}