{
  "Document": {
    "DocumentId": -66225967,
    "Title": "\"OUT OF BREATH\"",
    "DocumentShortName": null,
    "FileName": null,
    "Path": null,
    "CreateDate": "1999-10-14T22:53:55",
    "ModificationDate": "1999-10-14T22:53:55",
    "TemplateId": null,
    "SegmentId": 81,
    "IsRoot": false,
    "IsActive": true,
    "SortOrdinal": null,
    "ClientId": null,
    "Tag": null
  },
  "Content": "The feeling of being \"out of breath\" is not due to a lack of oxygen but to the inability of the heart to pump enough blood to the muscle cells. The cells of the body need more oxygen during vigorous exercise. The result is an increase of waste products from the cells.\n \nThe circulatory system works harder to increase the blood flow to the cells and to remove the level of carbon dioxide and lactic acid in the body. The heart responds by pumping faster and increasing its stroke volume--that is, its volume for each beat. \n\nIn some people, the heart is unable to pump the large amounts of blood necessary to keep the muscle cells working during exercise. The stroke volume is insufficient. Waste products begin to build up in the muscle tissues, and the lack of oxygen causes the muscles to become fatigued. \n\nThe feeling of being \"out of breath\" is the result.",
  "Tag": "kb-66225967"
}