{
  "Document": {
    "DocumentId": -710988297,
    "Title": "Windows NT Registry: Making An X-Window-Like Mouse Pointer",
    "DocumentShortName": null,
    "FileName": null,
    "Path": null,
    "CreateDate": "2000-12-24T14:28:21.807",
    "ModificationDate": "2000-12-24T14:28:21.807",
    "TemplateId": null,
    "SegmentId": 79,
    "IsRoot": false,
    "IsActive": true,
    "SortOrdinal": null,
    "ClientId": null,
    "Tag": null
  },
  "Content": "By editing the Registry, you can make an X-Window-like Mouse Pointer that will get the focus of any window under its \"pointing pixel.\" The following Registry Key must be Merged from a properly formatted *.REG file:\n\n    HKEY_CURRENT_USER\n        \\Control Panel\\Mouse            \"ActiveWindowTracking\"=\"1\"\n\nSecondly, you can \"snap\" your mouse pointer to the default button when a dialog appears. The following Registry Key must be Merged from a properly formatted *.REG file:\n\n    HKEY_CURRENT_USER\n        \\Control Panel\\Mouse            \"SnapToDefaultButton\"=\"1\"\n\nThe current user should log off and log on before these changes take effect. As of this writing, Microsoft has a complete discussion of this topic at:\n\n    http://msdn.microsoft.com/\n        library/periodic/period99/html/ewn9915.htm",
  "Tag": "kb-710988297"
}