{
  "Document": {
    "DocumentId": -852844377,
    "Title": "Windows NT: Making a Boot Floppy",
    "DocumentShortName": null,
    "FileName": null,
    "Path": null,
    "CreateDate": "2000-12-24T14:30:24.303",
    "ModificationDate": "2000-12-24T14:30:24.303",
    "TemplateId": null,
    "SegmentId": 79,
    "IsRoot": false,
    "IsActive": true,
    "SortOrdinal": null,
    "ClientId": null,
    "Tag": null
  },
  "Content": "These are the files needed for a boot floppy:\n\nBoot.ini \nNtdetect.com \nBootsect.dos (for dual startup installations) \nNTLDR \nNtbootdd.sys (if it's in the root folder, copy it)",
  "Tag": "kb-852844377"
}