{
  "Document": {
    "DocumentId": -907791026,
    "Title": "NUTRITIONAL LABELING VERSUS NUTRITIONAL NEEDS",
    "DocumentShortName": null,
    "FileName": null,
    "Path": null,
    "CreateDate": "1999-09-20T21:02:42",
    "ModificationDate": "1999-09-20T21:02:42",
    "TemplateId": null,
    "SegmentId": 81,
    "IsRoot": false,
    "IsActive": true,
    "SortOrdinal": null,
    "ClientId": null,
    "Tag": null
  },
  "Content": "Confused over how the percent daily value (%DV) on food and supplement labels relates to your nutritional needs? Here's some help. \n\nThe background: Nutritional needs are influenced by a variety of factors, including age, gender, and caloric intake, which means that charts of recommended dietary allowances (RDAs) are quite large and too complex for use on food labels. On the other hand, the daily values (DVs) are a single value for each nutrient. The DV for vitamins, minerals, and protein was generally set at the highest recommended level in place when nutrition labeling went into practice. \n\nThe DVs for food components, such as fat and fiber, which have general recommendations for health but no established RDAs, are based on a 2,000-calorie diet. So, for example, the recommendation that no more than 30 percent of total calories come from fat translates to about 65 grams of fat per day (30 percent of 2,000 calories divided by nine calories per gram of fat). \n\nHere are the \"nutrient numbers\" behind the %DV found on food labels: \n\n* Total fat (65 grams) \n* Saturated fat (20 grams) \n* Cholesterol (300 milligrams) \n* Fiber (25 grams) \n* Sodium (2.4 grams) \n* Protein (50 grams) \n* Vitamin A (5000 IU) \n* Vitamin C (60 milligrams) \n* Iron (18 milligrams) \n* Calcium (1000 milligrams)",
  "Tag": "kb-907791026"
}