{
  "Document": {
    "DocumentId": 1030931858,
    "Title": "MAKE TIME FOR THYME",
    "DocumentShortName": null,
    "FileName": null,
    "Path": null,
    "CreateDate": "1999-10-14T22:47:59",
    "ModificationDate": "1999-10-14T22:47:59",
    "TemplateId": null,
    "SegmentId": 81,
    "IsRoot": false,
    "IsActive": true,
    "SortOrdinal": null,
    "ClientId": null,
    "Tag": null
  },
  "Content": "By Brigitte Mars, for healthshop.com \n\nThyme (Thymus vulgaris), the common cooking herb, has shown powerful activity in the test tube against microbes like candida and strep. This member of the mint family is easy to grow. When included in cough syrups, it is an expectorant. When added to a bath (tied into a wash cloth), it helps relieve sore muscles.",
  "Tag": "kb1030931858"
}