{
  "Document": {
    "DocumentId": 117029555,
    "Title": "Perl: Listing the Environment Variables Exposed to a CGI Session",
    "DocumentShortName": null,
    "FileName": null,
    "Path": null,
    "CreateDate": "1998-12-17T08:56:12",
    "ModificationDate": "1998-12-17T08:56:12",
    "TemplateId": null,
    "SegmentId": 67,
    "IsRoot": false,
    "IsActive": true,
    "SortOrdinal": null,
    "ClientId": null,
    "Tag": null
  },
  "Content": "#!/path/to/perl\nprint \"Content-type: text/html\\n\\n\";\nprint \"<HTML>\\n\";\nprint \"<PRE>\\n\";\n@keys = keys %ENV;\n@values = values %ENV;\nforeach $key (sort(keys %ENV)) { print \"$key = $ENV{$key}\\n\" };\nprint \"</PRE>\\n\";\nprint \"</HTML>\\n\";",
  "Tag": "kb117029555"
}