{
  "Document": {
    "DocumentId": 1199841185,
    "Title": "SHOULD I EXERCISE AFTER EATING?",
    "DocumentShortName": null,
    "FileName": null,
    "Path": null,
    "CreateDate": "1999-09-20T21:00:19",
    "ModificationDate": "1999-09-20T21:00:19",
    "TemplateId": null,
    "SegmentId": 81,
    "IsRoot": false,
    "IsActive": true,
    "SortOrdinal": null,
    "ClientId": null,
    "Tag": null
  },
  "Content": "Most experts recommend decreasing or eliminating exercise for two to three hours after a big meal. After eating, a major amount of blood is needed in the digestive tract, reducing the amount of oxygenated blood available for the muscles. It may be more difficult to exercise at this time. It would depend on the amount of food, the amount of time since the meal, and how hard you are exercising.  \n\nMost athletes plan to eat at least three or four hours before an event so that the food will have digested and the stomach will not be full. Although the exact cause of a side-stitch (pain below the rib) is not known, it could result from trapped gas in the digestive tract created when you exercise soon after eating. If you do get side-stitches after eating, it's probably a good idea to wait 30 to 90 minutes before exercising.  \n\nA benefit of eating before exercise is the possibility of weight loss. Studies show that exercise helps reduce the appetite, so this could be helpful to you in your weight loss program.",
  "Tag": "kb1199841185"
}