{
  "Document": {
    "DocumentId": 1210712766,
    "Title": "CRANBERRY TO PREVENT CAVITIES",
    "DocumentShortName": null,
    "FileName": null,
    "Path": null,
    "CreateDate": "1999-10-14T22:55:40",
    "ModificationDate": "1999-10-14T22:55:40",
    "TemplateId": null,
    "SegmentId": 81,
    "IsRoot": false,
    "IsActive": true,
    "SortOrdinal": null,
    "ClientId": null,
    "Tag": null
  },
  "Content": "By Brigitte Mars, for healthshop.com \n\nCranberries and unsweetened cranberry juice contain polyphenols, antioxidants that prevent bacteria that could cause cavities from clumping together. In a laboratory test, 58 percent of the bacteria combinations that cause cavities were prevented from congregating when unsweetened cranberry juice was used.",
  "Tag": "kb1210712766"
}