{
  "Document": {
    "DocumentId": 1300369176,
    "Title": "FOOD SAFETY FOR TRAVELERS: COOK IT, PEEL IT, OR FORGET IT",
    "DocumentShortName": null,
    "FileName": null,
    "Path": null,
    "CreateDate": "2004-05-21T17:23:55.543",
    "ModificationDate": "2004-05-21T17:23:55.543",
    "TemplateId": null,
    "SegmentId": 81,
    "IsRoot": false,
    "IsActive": true,
    "SortOrdinal": null,
    "ClientId": null,
    "Tag": null
  },
  "Content": "Travelers who fail to take precautions while visiting developing countries can catch more than an eyeful of scenery. \n\nTo get the most out of your visit without the \"bug\" getting the better of you:\n\n* Drink bottled water only. Avoid tap water and ice. \n\n* Order from menus. Avoid buying from street vendors or eating from buffets, which might have been sitting out for several hours under unsanitary conditions. \n\n* Avoid salads and undercooked or raw seafood and meat. \n\n* Eat only peeled fruits and vegetables.",
  "Tag": "kb1300369176"
}