{
  "Document": {
    "DocumentId": 1484693744,
    "Title": "OUTSMART THE MOSQUITOES",
    "DocumentShortName": null,
    "FileName": null,
    "Path": null,
    "CreateDate": "1999-08-11T19:55:51",
    "ModificationDate": "1999-08-11T19:55:51",
    "TemplateId": null,
    "SegmentId": 81,
    "IsRoot": false,
    "IsActive": true,
    "SortOrdinal": null,
    "ClientId": null,
    "Tag": null
  },
  "Content": "By Brigitte Mars, for healthshop.com  \n\nIf you are going to be out amongst the mosquitoes this summer, there are some ways to appear less tasty to them. Taking garlic capsules leaves a chemical residue that mosquitoes don't like in the pores of your skin. Also, ingesting a vitamin B complex (containing 100 mg of vitamin B1) causes the body to produce an odor that is not detectable to humans but is disliked by mosquitoes. There are also essential oil blends, including essential oils of citronella, lavender, eucalyptus, and geranium, that can be applied to the body as nontoxic insect repellents.",
  "Tag": "kb1484693744"
}