{
  "Document": {
    "DocumentId": 1449895993,
    "Title": "PROBLEM: Replication Synchronization Errors Occur between Tables in One-to-Many Relationships",
    "DocumentShortName": null,
    "FileName": null,
    "Path": null,
    "CreateDate": "1998-11-30T17:37:51",
    "ModificationDate": "1998-11-30T17:37:51",
    "TemplateId": null,
    "SegmentId": 64,
    "IsRoot": false,
    "IsActive": true,
    "SortOrdinal": null,
    "ClientId": null,
    "Tag": null
  },
  "Content": "I have encountered Insert and Delete errors after replication synchronization when the replicable objects include two tables in a one-to-many relationship. Delete errors seem to appear when only one record in the \"many-side\" table, relating to one record in the \"one-side\" table, is deleted from one member of the replica set. Insert errors seem to appear when one or more records in the many-side table, relating to one newly added record in the one-side table, are added.\n\nThese observations are entirely empirical and when these errors occur they are hard to sort out. Since I use replication on very simple databases (with only one user), I simply build a new database and create a new Replica set.",
  "Tag": "kb1449895993"
}