{
  "Document": {
    "DocumentId": 140818643,
    "Title": "Code: basRenLinkTbls()",
    "DocumentShortName": null,
    "FileName": null,
    "Path": null,
    "CreateDate": "1999-09-07T22:21:49",
    "ModificationDate": "1999-09-07T22:21:49",
    "TemplateId": null,
    "SegmentId": 64,
    "IsRoot": false,
    "IsActive": true,
    "SortOrdinal": null,
    "ClientId": null,
    "Tag": null
  },
  "Content": "Public Sub basRenLinkTbls()\n'\n'This procedure renames all tables starting with \"dbo_\".\n'\n    Dim DAOTblDef As DAO.TableDef\n    \n    With Application\n    \n        For Each DAOTblDef In CurrentDb.TableDefs\n            If VBA.InStr(1, DAOTblDef.Name, _\n                \"dbo_\",  vbTextCompare) > 0 Then\n                DAOTblDef.Name = VBA.Mid$(DAOTblDef.Name, 5)\n            End If\n        Next\n        \n        .CurrentDb.TableDefs.Refresh\n        .RefreshDatabaseWindow\n        \n    End With\n\nEnd Sub",
  "Tag": "kb140818643"
}