{
  "Document": {
    "DocumentId": 157075603,
    "Title": "VB PROBLEM: The Empty Keyword Causes Compilation Errors in ActiveX DLLs",
    "DocumentShortName": null,
    "FileName": null,
    "Path": null,
    "CreateDate": "2000-02-02T00:27:49",
    "ModificationDate": "2000-02-02T00:27:49",
    "TemplateId": null,
    "SegmentId": 77,
    "IsRoot": false,
    "IsActive": true,
    "SortOrdinal": null,
    "ClientId": null,
    "Tag": null
  },
  "Content": "Use vbNullString instead.",
  "Tag": "kb157075603"
}