{
  "Document": {
    "DocumentId": 1657433851,
    "Title": "SPARCstation 5; Setting the Message of the Day",
    "DocumentShortName": null,
    "FileName": null,
    "Path": null,
    "CreateDate": "1998-10-06T12:58:09",
    "ModificationDate": "1998-10-06T12:58:09",
    "TemplateId": null,
    "SegmentId": 73,
    "IsRoot": false,
    "IsActive": true,
    "SortOrdinal": null,
    "ClientId": null,
    "Tag": null
  },
  "Content": "To set the message of the day, edit the text file /etc/motd.",
  "Tag": "kb1657433851"
}