{
  "Document": {
    "DocumentId": 1680683821,
    "Title": "Windows NT: Building Setup Disks from CD-ROM",
    "DocumentShortName": null,
    "FileName": null,
    "Path": null,
    "CreateDate": "2000-12-24T14:26:24.73",
    "ModificationDate": "2000-12-24T14:26:24.73",
    "TemplateId": null,
    "SegmentId": 79,
    "IsRoot": false,
    "IsActive": true,
    "SortOrdinal": null,
    "ClientId": null,
    "Tag": null
  },
  "Content": "Have three blank, formatted floppy disks ready. Put your installation CD into the CD-ROM drive. Now, click Start, Run. Assuming your CD-ROM drive is D, type in \n\n    D:\\i386\\winnt32 /ox \n\nand press Enter. Simply follow the dialog boxes to create the setup disks.",
  "Tag": "kb1680683821"
}