{
  "Document": {
    "DocumentId": 1738661947,
    "Title": "Macromedia Freehand PROBLEM: Fonts Are Not Embedded in PDF Files; 8.0.1",
    "DocumentShortName": null,
    "FileName": null,
    "Path": null,
    "CreateDate": "2000-03-19T21:46:13",
    "ModificationDate": "2000-03-19T21:46:13",
    "TemplateId": null,
    "SegmentId": 62,
    "IsRoot": false,
    "IsActive": true,
    "SortOrdinal": null,
    "ClientId": null,
    "Tag": null
  },
  "Content": "Fonts are not embedded in PDF files when they are exported via the File > Export... Command. One way to get the fonts embedded in the PDF is to print to Adobe Distiller Assistant. Using this method requires understanding the consequences of printing to what is effectively a PostScript printer (or ripper).\n\nRecall that a PostScript printer needs to be setup properly what with page size, registration and crop marks. Using crop marks is important if the PDF pages being exported are not of the dimensions listed in the PostScript printer driver. The crop marks can be used to crop the custom pages in Adobe Acrobat Exchange 3.x or greater. Acrobat Exchange also comes in handy if Distiller Assistant rotates the pages for some reason. Exchange can rotate the pages back.\n\nFor more details please see FreeHand Technote 12295 (\"Fonts do not appear correctly in exported PDF files\") at:\n\n    http://www.macromedia.com/\n        support/freehand/ts/documents/pdf_fonts.htm",
  "Tag": "kb1738661947"
}