{
  "Document": {
    "DocumentId": 1890260836,
    "Title": "VB Code: Generic Data Error Handler for Microsoft's DataGrid Control",
    "DocumentShortName": null,
    "FileName": null,
    "Path": null,
    "CreateDate": "1999-04-24T22:27:15",
    "ModificationDate": "1999-04-24T22:27:15",
    "TemplateId": null,
    "SegmentId": 77,
    "IsRoot": false,
    "IsActive": true,
    "SortOrdinal": null,
    "ClientId": null,
    "Tag": null
  },
  "Content": "Private Sub dgFields_Error(ByVal DataError As Integer, _\n    Response As Integer)\n   '\n   'This sub attemps to summarize the errors of the\n   'MS DataGrid Control. On many errors it simply reports\n   'that \"Errors have ocurred.\" This sub is an attmept to\n   'intercept such meaningless messages.\n   'Note that I am using my generic message handler,\n   'the Public Sub basAppInfoMsg().\n   '\n    Dim strError As String\n    \n    Response = 0\n\n    Select Case DataError\n        Case dbgActionCanceled\n            strError = \"Data Grid Error 7011: \"\"Action is \" _\n               & \"canceled\"\"\"\n        Case dbgAddError\n            strError = \"Data Grid Error 6154: \"\"Error occurred \" _\n               & \"while trying to add record\"\"\"\n        Case dbgBadEvent\n            strError = \"Data Grid Error 6161: \"\"Operation is \" _\n                & \"invalid within the event\"\"\"\n        Case dbgBindError\n            strError = \"Data Grid Error 4097: \"\"Cannot \" _\n                & \"initialize data bindings\"\"\"\n        Case dbgCNotFound\n            strError = \"Data Grid Error 6147: \"\"Column not \" _\n                & \"found\"\"\"\n        Case dbgColIndex\n            strError = \"Data Grid Error 6145: \"\"Invalid column \" _\n                & \"index\"\"\"\n        Case dbgColReadOnly\n            strError = \"Data Grid Error 7010: \"\"The column is \" _\n                & \"read only\"\"\"\n        Case dbgConvertData\n            strError = \"Data Grid Error 7006: \"\"Data type \" _\n                & \"conversion error\"\"\"\n        Case dbgDataAccess\n            strError = \"Data Grid Error 6160: \"\"Data access \"_\n                & \"error\"\"\"\n        Case dbgDelError\n            strError = \"Data Grid Error 6155: \"\"Error occurred \" _\n                & \"while trying to delete record\"\"\"\n        Case dbgDelMultRows\n            strError = \"Data Grid Error 6159: \"\"Cannot delete \" _\n                & \"multiple rows\"\"\"\n        Case dbgErrorSetCurrent\n            strError = \"Data Grid Error 6152: \"\"Error occurred \" _\n                & \"while trying to set current row\"\"\"\n        Case dbgErrUpdateColumn\n            strError = \"Data Grid Error 7007: \"\"Error \" _\n                & \"occurred while trying to update the column \" _\n                & \"value\"\"\"\n            End If\n        Case dbgInvalidPropertyValue\n            strError = \"Data Grid Error 380: \"\"Invalid \" _\n                & \"property value\"\"\"\n        Case dbgInvalidSafeModeProcCall\n            strError = \"Data Grid Error 680: \"\"Invalid \" _ \n                & \"procedure call in safe mode\"\"\"\n        Case dbgInvBookmark\n            strError = \"Data Grid Error 6149: \"\"Invalid \" _\n                & \"bookmark\"\"\"\n        Case dbgInvRowNum\n            strError = \"Data Grid Error 6148: \"\"Invalid row \" _\n                & \"number\"\"\"\n        Case dbgMustHaveSplit\n            strError = \"Data Grid Error 7002: \"\"Cannot delete \" _\n                & \"last split\"\"\"\n        Case dbgNoCurrentRow\n            strError = \"Data Grid Error 7008: \"\"The current \" _\n                & \"row is not available\"\"\"\n        Case dbgNoMethodNow\n            strError = \"Data Grid Error 7003: \"\"Method is not \" _\n                & \"available in this context\"\"\"\n        Case dbgNoPropNow\n            strError = \"Data Grid Error 6162: \"\"Property is \"_\n                & \"not available in this context\"\"\"\n        Case dbgNoRowFound\n            strError = \"Data Grid Error 7009: \"\"Cannot find \" _\n                & \"the row\"\"\"\n        Case dbgNoRowset\n            strError = \"Data Grid Error 7005: \"\"Rowset \" _\n                & \"not available\"\"\"\n        Case dbgNotBookmarkable\n            strError = \"Data Grid Error 7004: \"\"The rowset \" _\n                & \"is not bookmarkable\"\"\"\n        Case dbgOrphaned\n            strError = \"Data Grid Error 7000: \"\"Supporting \" _\n                & \"object on the grid has been deleted\"\"\"\n        Case dbgOutOfMemory\n            strError = \"Data Grid Error 7: \"\"Out of memory\"\"\"\n        Case dbgScrollRange\n            strError = \"Data Grid Error 6151: \"\"Scroll \"_\n               & \"arguments out of range\"\"\"\n        Case dbgSplitIndex\n            strError = \"Data Grid Error 6244: \"\"Invalid split \" _\n                & \"index\"\"\"\n        Case dbgSubscriptRange\n            strError = \"Data Grid Error 9: \"\"Subscript out \" _\n                & \"of range\"\"\"\n        Case dbgTypeMismatch\n            strError = \"Data Grid Error 13: \"\"Type mismatch\"\"\"\n        Case dbgUnknown\n            strError = \"Data Grid Error 7001: \"\"An unknown \" _\n                & \"error code was received where it was not \" _\n                & \"expected\"\"\"\n        Case dbgUpdError\n            strError = \"Data Grid Error 6153: \"\"Error occurred \" _\n                & \"while trying to update record\"\"\"\n        Case Else\n            Response = 1\n    End Select\n    \n    If VBA.Len(strError) Then basAppInfoMsg (strError)\n    \nEnd Sub",
  "Tag": "kb1890260836"
}