{
  "Document": {
    "DocumentId": 2076071400,
    "Title": "T-SQL: Dynamic SQL in a Stored Procedure; sp_executesql\n",
    "DocumentShortName": null,
    "FileName": null,
    "Path": null,
    "CreateDate": "2001-05-26T18:14:43.713",
    "ModificationDate": "2001-05-26T18:14:43.713",
    "TemplateId": null,
    "SegmentId": 72,
    "IsRoot": false,
    "IsActive": true,
    "SortOrdinal": null,
    "ClientId": null,
    "Tag": null
  },
  "Content": "DECLARE @vSQL nvarchar(4000)\n\nSET @vSQL = 'SELECT * FROM authors'\n\nEXECUTE sp_executesql @vSQL",
  "Tag": "kb2076071400"
}