{
  "Document": {
    "DocumentId": 2076071358,
    "Title": "VB: ADO; Preventing \"Operand Type Clash\" Errors",
    "DocumentShortName": null,
    "FileName": null,
    "Path": null,
    "CreateDate": "2001-01-07T12:25:33.53",
    "ModificationDate": "2001-01-07T12:25:33.53",
    "TemplateId": null,
    "SegmentId": 77,
    "IsRoot": false,
    "IsActive": true,
    "SortOrdinal": null,
    "ClientId": null,
    "Tag": null
  },
  "Content": "One way to prevent \"operand type clash\" errors is to use a two-dimensional parameter array to pass parameters to the stored procedure. The stored procedure parameters should have default values (most likely NULL).",
  "Tag": "kb2076071358"
}