{
  "Document": {
    "DocumentId": 2076071730,
    "Title": "Windows XP PROBLEM: Internet Explorer Script Error; Error 608; Library not registered; shdoclc.dll; printing problem",
    "DocumentShortName": null,
    "FileName": null,
    "Path": null,
    "CreateDate": "2006-01-22T10:03:38.46",
    "ModificationDate": "2006-01-22T10:03:38.46",
    "TemplateId": null,
    "SegmentId": 79,
    "IsRoot": false,
    "IsActive": true,
    "SortOrdinal": null,
    "ClientId": null,
    "Tag": null
  },
  "Content": "Internet Explorer 6.x in Windows XP may not print or show the Print Preview dialog. Instead an \"Internet Explorer Script Error\" message is shown, indicating that a \"library\" (*.dll) is not registered.\n\nAccording to Nick at askatechguy.com, this library is iepeers.dll so the following command should fix the problem:\n\n    regsvr32 iepeers.dll",
  "Tag": "kb2076071730"
}