{
  "Document": {
    "DocumentId": 2076071744,
    "Title": "C# Code: GetNamespaceManager() Member for Static XPathDocument Helper Class; Songhay.Xml.XmlUtility",
    "DocumentShortName": null,
    "FileName": null,
    "Path": null,
    "CreateDate": "2006-05-08T12:41:06.243",
    "ModificationDate": "2006-05-08T12:41:06.243",
    "TemplateId": null,
    "SegmentId": 83,
    "IsRoot": false,
    "IsActive": true,
    "SortOrdinal": null,
    "ClientId": null,
    "Tag": null
  },
  "Content": "/// <summary>\n/// Returns an <see cref=\"System.Xml.XmlNamespaceManager\"/>\n/// with respect to the scope element of the specified node.\n/// </summary>\n/// <param name=\"XpNode\">\n/// The <see cref=\"System.Xml.XPath.XPathNavigator\"/> node.\n/// </param>\npublic static XmlNamespaceManager GetNamespaceManager(XPathNavigator XpNode)\n{\n    XmlNamespaceManager nsman = new XmlNamespaceManager(XpNode.NameTable);\n    IDictionary<String, String> names = XpNode.GetNamespacesInScope(XmlNamespaceScope.Local);\n    foreach (KeyValuePair<String, String> kv in names)\n    {\n        nsman.AddNamespace(kv.Key, kv.Value);\n    }\n\n    return nsman;\n}\n",
  "Tag": "kb2076071744"
}