{
  "Document": {
    "DocumentId": 2076071550,
    "Title": "UCLA MCCS: Blue Form Notes",
    "DocumentShortName": null,
    "FileName": null,
    "Path": null,
    "CreateDate": "2004-04-29T12:16:04.827",
    "ModificationDate": "2004-04-29T12:16:04.827",
    "TemplateId": null,
    "SegmentId": 70,
    "IsRoot": false,
    "IsActive": true,
    "SortOrdinal": null,
    "ClientId": null,
    "Tag": null
  },
  "Content": "blueForms_webReader|xcfh5678jk\nblueForms_webRequestor|wdgt4521hb\nblueForms_webSigner|qwev45678zx\nblueForms_webSponsor|iuyg6d4432as\n",
  "Tag": "kb2076071550"
}