{
  "Document": {
    "DocumentId": 2076071456,
    "Title": "HTML Code: Apple's Recommendation of QuickTime Rendering",
    "DocumentShortName": null,
    "FileName": null,
    "Path": null,
    "CreateDate": "2004-05-18T22:14:04.827",
    "ModificationDate": "2004-05-18T22:14:04.827",
    "TemplateId": null,
    "SegmentId": 67,
    "IsRoot": false,
    "IsActive": true,
    "SortOrdinal": null,
    "ClientId": null,
    "Tag": null
  },
  "Content": "<!--\n    The following is based on \n    http://developer.apple.com/quicktime/compatibility.html.\n-->\n\n<object\n    classid=\"clsid:02BF25D5-8C17-4B23-BC80-D3488ABDDC6B\"\n    width=\"64\"\n    height=\"64\"\n    codebase=\"http://www.apple.com/qtactivex/qtplugin.cab\">\n<param name=\"SRC\" value=\"sample.mov\">\n<param name=\"AUTOPLAY\" value=\"true\">\n<param name=\"CONTROLLER\" value=\"false\">\n<embed\n    src=\"sample.mov\"\n    width=\"64\"\n    height=\"64\"\n    autoplay=\"true\"\n    controller=\"false\"\n    pluginspage=\"http://www.apple.com/quicktime/download/\">\n</embed>\n</object>",
  "Tag": "kb2076071456"
}