{
  "Document": {
    "DocumentId": 2076071543,
    "Title": "C# and ASP.NET: Writing HTML Targeted from Code-Behind Designs; Using Regular Expressions to Write HTML",
    "DocumentShortName": null,
    "FileName": null,
    "Path": null,
    "CreateDate": "2003-10-30T13:02:08",
    "ModificationDate": "2003-10-30T13:02:08",
    "TemplateId": null,
    "SegmentId": 83,
    "IsRoot": false,
    "IsActive": true,
    "SortOrdinal": null,
    "ClientId": null,
    "Tag": null
  },
  "Content": "Although the title of this article makes no mention of it, my remarks here will be flippant:\n\nYou can target areas of an HTML page for writing by using a combination of the PlaceHolder Control (System.Web.UI.WebControls.PlaceHolder), the Literal Control (System.Web.UI.WebControls.Literal) and by running tags at the server (with the runat=\"server\" attribute). For efficiency, most controls can be accessed via the HtmlGenericControl class. The C# code below finds an HTML HEAD element with attributes id=\"Head\" and runat=\"server\" and formats its \"inner HTML\" with Regular Expressions:\n\nprotected void FormatHead()\n{\n    string HTML = \"\";\n    string str = \"\";\n\n    Match RegMatch = null;\n\n    GenControl = (HtmlGenericControl)this.FindControl(\"Head\");\n    if(GenControl != null)\n    {\n        HTML = GenControl.InnerHtml;\n        //LINK tag:\n        str = String.Format(@\"href=\"\"{0}\"\"\",p_webSummary.WebCss);\n        RegMatch = Regex.Match(HTML,@\"<\\s*link\\s+.*(href=\"\"\"\")+.*>\"\n            ,RegexOptions.IgnoreCase);\n        if(RegMatch.Success) HTML = HTML.Replace(RegMatch.Groups[1].Value,str);\n\n        //SCRIPT tag:\n        str = String.Format(@\"src=\"\"{0}\"\"\",p_webSummary.WebJs);\n        RegMatch = Regex.Match(HTML,@\"<\\s*script\\s+.*(src=\"\"\"\")+.*>\"\n            ,RegexOptions.IgnoreCase);\n        if(RegMatch.Success) HTML = HTML.Replace(RegMatch.Groups[1].Value,str);\n\n        //TITLE tag:\n        str = String.Format(\"<title>{0}</title>\",p_webSummary.WebName);\n        HTML = HTML.Replace(\"<title></title>\",str);\n\n        GenControl.InnerHtml = HTML;\n    }\n}\n\nThis technique is for people who really want a lot of control over their HTML and have an undying love for Regular Expressions. By the way, this is the targeted HTML for the example above:\n\n<head id=\"Head\" runat=\"server\">\n    <link href=\"\" id=\"LinkCss\" rel=\"stylesheet\" type=\"text/css\">\n    <meta name=\"CODE_LANGUAGE\" content=\"C#\">\n    <meta name=\"GENERATOR\" content=\"Microsoft Visual Studio .NET 7.1\">\n    <meta name=\"vs_defaultClientScript\" content=\"JavaScript\">\n    <meta name=\"vs_targetSchema\" content=\"http://schemas.microsoft.com/intellisense/ie5\">\n    <script language=\"javascript\" src=\"\" type=\"text/javascript\"></script>\n    <title></title>\n</head>\n\nNote that you can't run LINK or SCRIPT tags at the server with empty strings or any kind of bogus place holders without causing an exception to be thrown. If you insist, you can try some kind of data-binging design but this violates my new principle of using only tags in my HTML pages.\n\nSo, flippantly speaking, Regular Expressions are cool but right about now I am more attracted to using the PlaceHolder control to load *.ascx pages and then using Literal controls inside those pages to be targeted by an HtmlTextWriter in a code-behind design.",
  "Tag": "kb2076071543"
}