{
  "Document": {
    "DocumentId": 2076071691,
    "Title": "XSLT Markup: Flippant Remarks about Passing External Parameters to Style Sheets; MSXML",
    "DocumentShortName": null,
    "FileName": null,
    "Path": null,
    "CreateDate": "2005-07-20T20:41:34.53",
    "ModificationDate": "2005-07-20T20:41:34.53",
    "TemplateId": null,
    "SegmentId": 84,
    "IsRoot": false,
    "IsActive": true,
    "SortOrdinal": null,
    "ClientId": null,
    "Tag": null
  },
  "Content": "Make sure to pass scalar values as external parameters to style sheets. Don't send XPath queries as parameters---especially an XPath query with a predicate like this:\n\n   /plays/playwright[last_name='Shakespeare']\n\nIt is better to just send the scalar text value:\n\n   'Shakespeare'\n\nThe MSXML engine, for example, will 'silently' fail providing no clues whatsoever about its type-resolution problems. Avoid the entangling mystery and keep it simple.",
  "Tag": "kb2076071691"
}