{
  "Document": {
    "DocumentId": 2076071638,
    "Title": "Regex Object Is Not Available by Default in VBA; Microsoft VBScript Regular Expressions 5.5 Library",
    "DocumentShortName": null,
    "FileName": null,
    "Path": null,
    "CreateDate": "2005-01-26T16:01:44.913",
    "ModificationDate": "2005-01-26T16:01:44.913",
    "TemplateId": null,
    "SegmentId": 76,
    "IsRoot": false,
    "IsActive": true,
    "SortOrdinal": null,
    "ClientId": null,
    "Tag": null
  },
  "Content": "\"If you use the objects that are available in the Microsoft VBScript Regular Expressions 5.5 library, you can compare a string against a specific pattern, replace a string pattern with another string, or retrieve only portions of a formatted string. This article describes how to construct a pattern to parse a string that contains multiple instances of the same pattern...\":\n\n    http://support.microsoft.com/default.aspx?scid=kb%3Ben-us%3B818802",
  "Tag": "kb2076071638"
}