{
  "Document": {
    "DocumentId": 2076071416,
    "Title": "ASP, ADO and Microsoft Access PROBLEM: ASP Query Cannot Be Used with the LIKE Predicate",
    "DocumentShortName": null,
    "FileName": null,
    "Path": null,
    "CreateDate": "2001-10-28T18:07:36.99",
    "ModificationDate": "2001-10-28T18:07:36.99",
    "TemplateId": null,
    "SegmentId": 67,
    "IsRoot": false,
    "IsActive": true,
    "SortOrdinal": null,
    "ClientId": null,
    "Tag": null
  },
  "Content": "The MS-SQL wildcard character '*' cannot be used in dynamic SQL statements scripted in ASP running against ADO. ADO must deal with ODBC or SQL Server conventions and requires '%' as the wildcard character.\n\nThe problem is associated with the error message: \"Expression cannot be used with the LIKE predicate in query expression.\" For more details see MS KB article Q162977:\n\n    http://support.microsoft.com/support/kb/articles/Q162/9/77.asp\n",
  "Tag": "kb2076071416"
}