{
  "Document": {
    "DocumentId": 2076071394,
    "Title": "DANGERS OF EATING RAW SPROUTS        ",
    "DocumentShortName": null,
    "FileName": null,
    "Path": null,
    "CreateDate": "2001-05-26T18:07:06.04",
    "ModificationDate": "2001-05-26T18:07:06.04",
    "TemplateId": null,
    "SegmentId": 81,
    "IsRoot": false,
    "IsActive": true,
    "SortOrdinal": null,
    "ClientId": null,
    "Tag": null
  },
  "Content": "The U.S. Food and Drug Administration has issued the following warning to consumers: Do not eat raw sprouts. This warning comes in response to outbreaks that have occurred among people of all ages and gender who have eaten raw sprouts like alfalfa, clover, and radish.\n\nRaw sprouts have been identified as a source of food-borne illness in the United States. These illnesses result from the pathogenic bacteria salmonella and E. coli. Alfalfa and clover sprouts are the main causes, but all raw sprouts pose a potential risk.\n\nIn healthy adults, infections from salmonella and E. coli manifest as diarrhea, nausea, abdominal cramps, and fever that last for several days. However, in young children, the elderly, and those who have weakened immune systems, infections from these bacteria can be life threatening.",
  "Tag": "kb2076071394"
}