{
  "Document": {
    "DocumentId": 2076071628,
    "Title": "MCAD/MCSD Notes: Chapter 3, Lesson 2; Namespaces in a Web Application",
    "DocumentShortName": null,
    "FileName": null,
    "Path": null,
    "CreateDate": "2005-01-12T18:52:39.913",
    "ModificationDate": "2005-01-12T18:52:39.913",
    "TemplateId": null,
    "SegmentId": 83,
    "IsRoot": false,
    "IsActive": true,
    "SortOrdinal": null,
    "ClientId": null,
    "Tag": null
  },
  "Content": "Lesson 2: Namespaces in a Web Application\n\nThe purpose of this lesson is to introduce key namespaces used to build ASP.NET applications. All of these namespaces are items under the System.Web namespace.\n\n* \"The class definitions for objects used in Web Applications reside in the System.Web namespace.\"\n\nThe namespaces: System.Web, System.Web.SessionState, System.Web.Services, System.Web.UI, System.Web.UI.WebControls, System.Web.UI.HtmlControls, System.Web.Caching, System.Web.Mail, System.Web.Security.\n\nWhen building a Web application, you will certainly derive from the System.Web.HttpApplication class (to obtain the Web Application object) and the System.Web.UI.Page class (to obtain the Web Form objects).\n\n* \"When ASP.NET starts your application, it automatically instantiates the Global object defined in Global.asax...The HttpApplication base class provides the properties and methods to access the subordinate objects for the Global object.\"\n\nSelected Web Application members: Application, Context, Modules, Request, Response, Server, Session, User.\n\n* \"The Page object controls your application's user interface.\"\n\nSelected Page members: Application, Cache, Controls, Request, Response, Server, Session, Trace.\n\n* \"The Request object contains the information sent by the client browser when a page is requested from the application.\"\n\nSelected Request members: Browser, ClientCertificates, Cookies, Files, InputStream.\n\n* \"Use the Response object to form the response sent from the server to the client browser.\"\n\nSelected Response members: Cache, Cookies, Output.\n\nIt may help to mention the System.Web.HttpContext class here because, like the Page object, it exposes the Request and Response objects. This allows \"business logic\" behind ASP.NET Web pages to handle Response and Request objects without referencing the System.Web.UI namespace of the Page object.",
  "Tag": "kb2076071628"
}