{
  "Document": {
    "DocumentId": 2076071386,
    "Title": "ASP: Notes on Implementing Security in ASP Projects",
    "DocumentShortName": null,
    "FileName": null,
    "Path": null,
    "CreateDate": "2001-04-07T19:38:13.697",
    "ModificationDate": "2001-04-07T19:38:13.697",
    "TemplateId": null,
    "SegmentId": 67,
    "IsRoot": false,
    "IsActive": true,
    "SortOrdinal": null,
    "ClientId": null,
    "Tag": null
  },
  "Content": "Without much fanfare here it is: I depend on the Windows NT operating system to handle security features in my ASP solutions. I have no trouble creating a single point failure: the operating system itself. When something goes wrong in terms of security both Microsoft and myself can share the blame!\n\nThe IIS user IUSR_<Machine Name> and the NTFS file system are the starting points in the quest for tight ASP security. Fore more details we have:\n\n    Implementing a Secure Site with ASP\n    http://msdn.microsoft.com/library/backgrnd/html/msdn_implement.htm\n\n    IIS: Authentication & Security Features\n    http://support.microsoft.com/support/kb/articles/Q142/8/68.ASP\n\nWhen ASP pages connect to a SQL database, I avoid storing passwords in the ASP files by depending on ADO to connect via NT security. This implies that IUSR_<Machine Name> has the ability to connect to SQL server. This idea is based on reading the following:\n\n    Microsoft SQL Server 7.0 Security\n    http://msdn.microsoft.com/library/techart/sql7security.htm\n\n    HOWTO: Connect to the Microsoft SQL Server Through the Use of Named Pipes \n    http://support.microsoft.com/support/kb/articles/Q159/9/76.ASP\n\n    INF: Authentication Methods for Connections to SQL Server in Active Server Pages\n    http://support.microsoft.com/support/kb/articles/Q247/9/31.ASP\n\nIf I run into any problems while implementing security features, I should refer the following:\n\n    Users Cannot Access FTP or Web Site \n    http://support.microsoft.com/support/kb/articles/Q185/3/77.ASP\n\n    List of NTFS Permissions Required for IIS Site to Work \n    http://support.microsoft.com/support/kb/articles/Q187/5/06.ASP\n\n    Default NTFS Permissions in Windows NT\n    http://support.microsoft.com/support/kb/articles/Q148/4/37.asp\n\n    Cannot Create Object Error when Browsing ASP Pages \n    http://support.microsoft.com/support/kb/articles/Q201/7/40.ASP\n\n    Using The Auditing Tool to Solve Authenticationess Issues\n    http://www.15seconds.com/howto/pg003230.htm\n",
  "Tag": "kb2076071386"
}