{
  "Document": {
    "DocumentId": 2076071574,
    "Title": "C# Code: Windows Forms Data Services; Songhay.WinForms.Web.DataServices; Internal Row Procedures; C-sharp",
    "DocumentShortName": null,
    "FileName": null,
    "Path": null,
    "CreateDate": "2004-06-29T21:01:47.287",
    "ModificationDate": "2004-06-29T21:01:47.287",
    "TemplateId": null,
    "SegmentId": 83,
    "IsRoot": false,
    "IsActive": true,
    "SortOrdinal": null,
    "ClientId": null,
    "Tag": null
  },
  "Content": "#region Internal Row Procedures\n\ninternal static void RowCancel(DataView TargetDataView,ClientMessage Message)\n{\n    Message.MainForm.BindingContext[TargetDataView].CancelCurrentEdit();\n}\n\ninternal static void RowDelete(DataView TargetDataView,ClientMessage Message)\n{\n    if(Message.MainForm.BindingContext[TargetDataView].Count > 0)\n    {\n        try\n        {\n            Message.MainForm.BindingContext[TargetDataView].RemoveAt(\n                Message.MainForm.BindingContext[TargetDataView].Position);\n            Message.ReadyToEdit();\n            Message.MainStatusPanel.Text = \"Record deleted.\";\n        }\n        catch(Exception Ex)\n        {\n            Message.ClientErr();\n            Message.MainStatusPanel.Text = Ex.Message;\n            MessageBox.Show(Ex.Message);\n        }\n    }\n}\n\ninternal static void RowEndEdit(DataView TargetDataView,ClientMessage Message)\n{\n    Message.MainForm.BindingContext[TargetDataView].EndCurrentEdit();\n}\n\ninternal static void RowNew(DataView TargetDataView,ClientMessage Message)\n{\n    try\n    {\n        Message.MainForm.BindingContext[TargetDataView].EndCurrentEdit();\n        Message.MainForm.BindingContext[TargetDataView].AddNew();\n        Message.ReadyToEdit();\n        Message.MainStatusPanel.Text = \"New record added.\";\n    }\n    catch(NoNullAllowedException Ex)\n    {\n        /*\n            Ignore this exception.\n            It will thrown again when the Position property is changed.\n        */\n        Ex.GetType(); \n    }\n    catch(Exception Ex)\n    {\n        Message.ClientErr();\n        Message.MainStatusPanel.Text = Ex.Message;\n        MessageBox.Show(Ex.Message);\n    }\n}\n\n#endregion",
  "Tag": "kb2076071574"
}