{
  "Document": {
    "DocumentId": 2076071589,
    "Title": "Native Instruments KONTAKT: Installation Journal",
    "DocumentShortName": null,
    "FileName": null,
    "Path": null,
    "CreateDate": "2004-06-14T15:33:55.313",
    "ModificationDate": "2004-06-14T15:33:55.313",
    "TemplateId": null,
    "SegmentId": 65,
    "IsRoot": false,
    "IsActive": true,
    "SortOrdinal": null,
    "ClientId": null,
    "Tag": null
  },
  "Content": "Version 1.5.3: Installed without incident.\n\nVersion 1.5.x:\n\nThis version was purchased and promptly forgotten about by this procrastinator (it was burned to a CD and \"stored\"). This memory lapse allowed me to overlook the new elaborate registration process that involves identifying the machine running KONTAKT with the Registration Tool. Once this was sorted out, the 1.5.1.x update was downloaded and applied. This update brought Direct from Disk (DFD) back to the interface. Configuration settings highlights:\n\n* \"Normal\" Size, 800x600; \"Bigger\" Size, 1024x768; \"Large\" Size, 1280x1024.\n* File > Setup > Soundcard > Output Latency: 27ms (lower values cause distortion).\n* File > Setup > MIDI > Input Interface > In-A USB MidiSport 2x2: On.\n\n\nVersion 1.2.x:\n\nWhich horror story to detail first? We'll let's keep it short: West L.A. Music sold me an educational version (the box did not indicate this but the shrink-wrapped CDs were stamped with paper labels marked \"educational version\"). West L.A. music associates assured me that the educational version is no different from the bona fide retail version and strongly suggested that Native Instruments dumped this product on them and passed the inconvenience to me. The only real problem with this is that the paper labels may not be of archival quality and may destroy the CD in ten years. That's quite a long shot.\n\nThe CDs cannot be copied. The default version installed is 1.1.0.010. The 1.2.1 update was downloaded and applied. Here are some first-time buyer highlights:\n\n* The MK4902 connects to the USB Midiman Midisport 2x2 which connects to Songhay5.\n* Songhay5, its SPDIF output, plugs into the EMU APS E-Drive on Songhay4.\n* The WAV volume slider controls the volume of KONTAKT, its SPDIF output.",
  "Tag": "kb2076071589"
}