{
  "Document": {
    "DocumentId": 2076071339,
    "Title": "A REMEDY FOR URINARY TRACT INFECTIONS",
    "DocumentShortName": null,
    "FileName": null,
    "Path": null,
    "CreateDate": "2004-05-21T11:54:43.44",
    "ModificationDate": "2004-05-21T11:54:43.44",
    "TemplateId": null,
    "SegmentId": 81,
    "IsRoot": false,
    "IsActive": true,
    "SortOrdinal": null,
    "ClientId": null,
    "Tag": null
  },
  "Content": "Cranberry juice, like orange and grape juice, has been identified for its medicinal effect on urinary tract infections in women. In a six-month study, 150 women with existing urinary tract infections were asked to consume either cranberry juice or a milk drink containing the bacterium lactobacillus (considered a \"healthy\" bacterium that promotes intestinal tract functioning). The study found that cranberry juice was most effective in preventing the recurrence of urinary tract infection in the women. That's good news for all you women who choke down yogurt as a treatment. \n\nIt is recommended that women drink approximately 50 to 100 milliliters of cranberry juice every day to hamper a urinary tract infection.",
  "Tag": "kb2076071339"
}