{
  "Document": {
    "DocumentId": 2076071729,
    "Title": "SQL Server 2000: UTC datetime values; GETUTCDATE()",
    "DocumentShortName": null,
    "FileName": null,
    "Path": null,
    "CreateDate": "2006-01-14T09:52:53.347",
    "ModificationDate": "2006-01-14T09:52:53.347",
    "TemplateId": null,
    "SegmentId": 72,
    "IsRoot": false,
    "IsActive": true,
    "SortOrdinal": null,
    "ClientId": null,
    "Tag": null
  },
  "Content": "From Eron Wright's Blog: \"You can convert local datetime values to UTC datetime values, and vice-versa, using the built-in GETUTCDATE() function:\"\n\n    DECLARE @LocalDate DATETIME\n    SET @LocalDate = GETDATE()\n\n    -- convert local date to utc date\n    DECLARE @UTCDate DATETIME\n    SET @UTCDate = DATEADD(Hour,DATEDIFF(Hour,GETUTCDATE(), GETDATE()),@LocalDate)\n\n    -- convert utc date to local date\n    DECLARE @LocalDate2 DATETIME\n    SET @LocalDate2 = DATEADD(Hour, DATEDIFF(Hour, GETDATE(), GETUTCDATE()), @UTCDate)\n    SELECT @LocalDate, @UTCDate, @LocalDate2\n\n\"Note that GETUTCDATE() returns the current datetime in UTC. By comparing the value with GETDATE() we can determine the time zone, which can then be used to adjust any date.\" For more information see:\n\n    http://geekswithblogs.net/ewright/archive/2004/09/14/11180.aspx",
  "Tag": "kb2076071729"
}