{
  "Document": {
    "DocumentId": 2076071689,
    "Title": "ASMX Web Services PROBLEM: Server Error; \"Cannot declare a namespace and a type\" Error; Strange Compilation Error",
    "DocumentShortName": null,
    "FileName": null,
    "Path": null,
    "CreateDate": "2005-07-28T09:22:50.353",
    "ModificationDate": "2005-07-28T09:22:50.353",
    "TemplateId": null,
    "SegmentId": 83,
    "IsRoot": false,
    "IsActive": true,
    "SortOrdinal": null,
    "ClientId": null,
    "Tag": null
  },
  "Content": "Description: \"An error occurred during the compilation of a resource required to service this request. Please review the following specific error details and modify your source code appropriately.\"\n\nCompiler Error Message: \"CS0010: Cannot declare a namespace and a type both named\" 'foo.bar'...\n\nThis error occurs in Web Service projects referencing external assemblies. In my particular case these are Project references. The Solution will compile without errors or warnings. The server seems to throw when the ASMX files are unchanged but the referenced project code changes.\n\nThe error goes away when an ASMX file is purposely modified and the solution is recompiled. In my particular case, I have the misfortune of compiling/running these ASMX files on IIS for Windows 2000 Workstation.\n",
  "Tag": "kb2076071689"
}