{
  "Document": {
    "DocumentId": 2076071305,
    "Title": "URI for FTP Protocol with Username and Password",
    "DocumentShortName": null,
    "FileName": null,
    "Path": null,
    "CreateDate": "2000-08-15T00:32:00",
    "ModificationDate": "2000-08-15T00:32:00",
    "TemplateId": null,
    "SegmentId": 68,
    "IsRoot": false,
    "IsActive": true,
    "SortOrdinal": null,
    "ClientId": null,
    "Tag": null
  },
  "Content": "ftp://<User>:<Password>@ftp.domain.com/Usersfolder/",
  "Tag": "kb2076071305"
}