{
  "Document": {
    "DocumentId": 2076071403,
    "Title": "SQL Server 2000 and XML: Flippant Remarks about XML-Based Data Management",
    "DocumentShortName": null,
    "FileName": null,
    "Path": null,
    "CreateDate": "2002-01-05T09:25:16.193",
    "ModificationDate": "2002-01-05T09:25:16.193",
    "TemplateId": null,
    "SegmentId": 84,
    "IsRoot": false,
    "IsActive": true,
    "SortOrdinal": null,
    "ClientId": null,
    "Tag": null
  },
  "Content": "Projecting data out of SQL Server 2000 with SELECT statements is not that difficult once one appreciates the \"Universal Table.\" Things become hairy and beta-like when we deal with INSERT and UPDATE procedures using XML. I do not like what I see. Here is what I have read so far:\n\n\"OPENXML\"\nhttp://msdn.microsoft.com/library/psdk/sql/ts_oa-oz_5c89.htm\n\n\"Using OPENXML\"\nhttp://msdn.microsoft.com/library/psdk/sql/ac_openxml_1cx8.htm\n\n\"PRB: Limitations of OpenXML in SQL Server 2000\"\nhttp://support.microsoft.com/support/kb/articles/Q279/4/34.ASP\n\nIn the XML for SQL Server 2000 Web Release 2, Beta 1 read \"Using Updategrams to Modify Data.\"\n\nI expect Microsoft to come out with an XML Server of some kind. Perhaps that is what BizTalk Server is?\n",
  "Tag": "kb2076071403"
}