{
  "Document": {
    "DocumentId": 2076071539,
    "Title": "IIS 6.0: Anonymous Access and Sub-Authentication; IISSUBA.DLL",
    "DocumentShortName": null,
    "FileName": null,
    "Path": null,
    "CreateDate": "2003-10-06T19:11:54",
    "ModificationDate": "2003-10-06T19:11:54",
    "TemplateId": null,
    "SegmentId": 68,
    "IsRoot": false,
    "IsActive": true,
    "SortOrdinal": null,
    "ClientId": null,
    "Tag": null
  },
  "Content": "In IIS 5.x and below we may remember the Allow IIS to control password check box under Properties > Directory Security > Edit > Authentication Methods > Anonymous User Account. In IIS 6.0, this check box is not available and the functionality behind this check box is not enabled by default.\n\nThis technology is called \"sub-authentication\" and it is not good because it reduces the level of security of IIS 6.0 and forces IIS 6.0 to run in the INETINFO process and forces the local SYSTEM account to impersonate the account specified for anonymous access. This is because when IIS is allowed to \"control\" the Anonymous User password, it actually completely ignoring it.\n\nThe reason why IIS 6.0 does this is to prevent a user account from logging on to a domain controller, which does not allow users to log on locally be default. Unfortunately this exposes the local SYSTEM account to the network.\n\nIt should not be a surprise then that to enable Sub-Authentication requires using the command line:\n\n    RUNDLL32 %windir%\\system32\\inetsrv\\iissuba.dll,RegisterIISSuba\n\nand the IIS Metabase:\n\n    AnonymousPasswordSynch=True",
  "Tag": "kb2076071539"
}