{
  "Document": {
    "DocumentId": 2076071682,
    "Title": "C# and ASP.NET Code Snippet: RequestFormElement()",
    "DocumentShortName": null,
    "FileName": null,
    "Path": null,
    "CreateDate": "2005-06-03T12:19:53.957",
    "ModificationDate": "2005-06-03T12:19:53.957",
    "TemplateId": null,
    "SegmentId": 83,
    "IsRoot": false,
    "IsActive": true,
    "SortOrdinal": null,
    "ClientId": null,
    "Tag": null
  },
  "Content": "/// <summary>\n/// Returns the ASP.NET-generated key\n/// for a <see cref=\"System.Web.UI.Control\"/>\n/// in a <see cref=\"System.Web.HttpRequest.Form\"/>\n/// collection.\n/// </summary>\n/// <param name=\"Control\">\n/// The <see cref=\"System.Web.UI.Control\"/> to find.\n/// </param>\npublic static string RequestFormElement(System.Web.UI.Control Control)\n{\n    string str =\n        Control.ClientID.Replace(String.Format(\"_{0}\",Control.ID),\n            String.Format(\":{0}\",Control.ID));\n    return str;\n}\n",
  "Tag": "kb2076071682"
}