{
  "Document": {
    "DocumentId": 2076071720,
    "Title": "PHP Code: A REST Call Using readfile(); WARNING: Mysterious \"Cannot modify header information\" Warnings in UTF-8 Encoded Documents",
    "DocumentShortName": null,
    "FileName": null,
    "Path": null,
    "CreateDate": "2005-11-14T16:54:11.23",
    "ModificationDate": "2005-11-14T16:54:11.23",
    "TemplateId": null,
    "SegmentId": 67,
    "IsRoot": false,
    "IsActive": true,
    "SortOrdinal": null,
    "ClientId": null,
    "Tag": null
  },
  "Content": "The following uses the readfile() function to load an XML file. This pattern can be used for AJAX calls outside of the security sandbox:\n\n    header('Content-type:text/xml');\n    /*\n        WARNING:\n        Do not include a Unicode Signature or\n        Byte-order Mark (BOM) in this UTF8-encoded document.\n        Doing so should generate \"Cannot modify\n        header information...\" warnings in PHP.\n    */\n    $uri = $_GET['uri'];\n    @readfile($uri);",
  "Tag": "kb2076071720"
}