{
  "Document": {
    "DocumentId": 2076071621,
    "Title": "Microsoft Word to XML Converters, Flippant Remarks",
    "DocumentShortName": null,
    "FileName": null,
    "Path": null,
    "CreateDate": "2004-11-18T01:14:44.627",
    "ModificationDate": "2004-11-18T01:14:44.627",
    "TemplateId": null,
    "SegmentId": 84,
    "IsRoot": false,
    "IsActive": true,
    "SortOrdinal": null,
    "ClientId": null,
    "Tag": null
  },
  "Content": "Don Box stopped working on an XSL transform of WordML to XHTML.\n\nMicrosoft WordML to HTML XSL Transformation appears to have vanished from the Download Center and is probably buried in the MSIE-only Word 2003: XML Viewer (wmlview.exe). However, this guy, Oleg Tkachenko, has his own version of the XSLT file here:\n\n    http://www.tkachenko.com/dotnet/files/Word2HTML-1.0.zip\n\nHe journals the mysterious behavior of Don Box in \"On transforming WordML to HTML again\" here:\n\n   http://www.tkachenko.com/blog/archives/000153.html\n\nWhat's left out there are expensive tools that convert entire files to XML and even a web site where DOC files can be uploaded and converted to DocBook format. Most of these designs avoid intimate contact with the automation features of Word. Most are one-way tickets out of the Word format. I need a bit more flexibility.\n\nJohn E. Simpson, surveys the tools out there in \"From Word to XML\" here:\n\n    http://www.xml.com/pub/a/2003/12/31/qa.html",
  "Tag": "kb2076071621"
}