{
  "Document": {
    "DocumentId": 2076071731,
    "Title": "Windows XP PROBLEM: Windows Update/Microsoft Update Error 0x8002801D",
    "DocumentShortName": null,
    "FileName": null,
    "Path": null,
    "CreateDate": "2006-01-22T10:08:35.97",
    "ModificationDate": "2006-01-22T10:08:35.97",
    "TemplateId": null,
    "SegmentId": 79,
    "IsRoot": false,
    "IsActive": true,
    "SortOrdinal": null,
    "ClientId": null,
    "Tag": null
  },
  "Content": "Windows Update/Microsoft Update Error 0x8002801D indicates a \"library not registered\" error. It follows that the this command should fix the problem:\n\n    regsvr32 msxml3.dll",
  "Tag": "kb2076071731"
}