{
  "Document": {
    "DocumentId": 2076071374,
    "Title": "Microsoft JScript: Handling Keystrokes; jsHandleKeyDown()",
    "DocumentShortName": null,
    "FileName": null,
    "Path": null,
    "CreateDate": "2001-02-06T18:17:19.28",
    "ModificationDate": "2001-02-06T18:17:19.28",
    "TemplateId": null,
    "SegmentId": 67,
    "IsRoot": false,
    "IsActive": true,
    "SortOrdinal": null,
    "ClientId": null,
    "Tag": null
  },
  "Content": "//Set event pointers.\ndocument.onkeydown = jsHandleKeyDown\n\n//Handle keystrokes.\nfunction jsHandleKeyDown() {\n    vFrmName = \"\"\n    vElementName = \"\"\n\n    if (window.name == \"dataEmail\") {\n        //The keyCode property returns Unicode values.\n        switch(event.keyCode){\n            case 68://Ctrl + Shift + d\n                if(event.ctrlKey == false) return\n                window.document.frmEmailData.cmdDelete.click()\n                break\n            case 83://Ctrl + Shift + s\n                if(event.ctrlKey == false) return\n                window.document.frmEmailData.cmdSet.click()\n                break\n        }\n    }\n\n    if (window.name == \"dataKB\") {\n        //The keyCode property returns Unicode values.\n        switch(event.keyCode){\n            case 68://Ctrl + Shift + d\n                if(event.ctrlKey == false) return\n                window.document.frmKBData.cmdDelete.click()\n                break\n            case 83://Ctrl + Shift + s\n                if(event.ctrlKey == false) return\n                window.document.frmKBData.cmdSet.click()\n                break\n        }\n    }\n\n    if (window.name == \"dataKPages\") {\n        //The keyCode property returns Unicode values.\n        switch(event.keyCode){\n            case 68://Ctrl + Shift + d\n                if(event.ctrlKey == false) return\n                window.document.frmKPagesData.cmdDelete.click()\n                break\n            case 83://Ctrl + Shift + s\n                if(event.ctrlKey == false) return\n                window.document.frmKPagesData.cmdSet.click()\n                break\n        }\n    }\n\n    if (window.name == \"dataKStyles\") {\n        //The keyCode property returns Unicode values.\n        switch(event.keyCode){\n            case 68://Ctrl + Shift + d\n                if(event.ctrlKey == false) return\n                window.document.frmKStylesData.cmdDelete.click()\n                break\n            case 83://Ctrl + Shift + s\n                if(event.ctrlKey == false) return\n                window.document.frmKStylesData.cmdSet.click()\n                break\n        }\n    }\n\n    if (window.name == \"dataTable\") {\n        //The keyCode property returns Unicode values.\n        switch(event.keyCode){\n            case 37://Alt + Shift + [left arrow]\n                if(event.altKey == false) return\n                window.document.frmPage.cmdPagePrev.click()\n                break\n            case 38://Alt + Shift + [up arrow]\n                if(event.altKey == false) return\n                window.document.frmPage.cmdPageFirst.click()\n                break\n            case 39://Alt + Shift + [right arrow]\n                if(event.altKey == false) return\n                window.document.frmPage.cmdPageNext.click()\n                break\n            case 40://Alt + Shift + [down arrow]\n                if(event.altKey == false) return\n                window.document.frmPage.cmdPageLast.click()\n                break\n            case 78://Ctrl + Shift + n\n                if(event.ctrlKey == false) return\n                window.document.anchors(\"aNew\").click()\n                break\n            case 80://Ctrl + Shift + p\n                if(event.ctrlKey == false) return\n                window.document.frmPage.lstPageNo.focus()\n                break\n            case 83://Ctrl + Shift + s\n                if(event.ctrlKey == false) return\n                window.document.anchors(\"aSearch\").click()\n                break\n        }\n    }\n\n    if (window.name == \"root\") {\n        switch(event.keyCode){\n            case 13://Enter\n                vFrmName = window.document.frm.lstForms.value\n                vElementName = vFrmName.replace(\"frm\",\"cmd\")\n                window.document.forms[vFrmName].elements[vElementName].click()\n                break\n            case 76://Ctrl + Shift + l\n                if(event.ctrlKey == false) return\n                window.document.frm.lstForms.focus()\n                break\n            case 78://Ctrl + Shift + n\n                if(event.ctrlKey == false) return\n                window.document.anchors(\"a_\" + window.document.frm.lstForms.value).click()\n                break\n            case 87://Ctrl + Shift + w\n                if(event.ctrlKey == false) return\n                window.document.anchors(\"aWork\").click()\n                break\n        }\n    }\n}",
  "Tag": "kb2076071374"
}