{
  "Document": {
    "DocumentId": 2076071716,
    "Title": ".htaccess WARNING for Apache Servers: Do not encode the .htaccess file in UTF-8",
    "DocumentShortName": null,
    "FileName": null,
    "Path": null,
    "CreateDate": "2005-11-30T17:16:05.687",
    "ModificationDate": "2005-11-30T17:16:05.687",
    "TemplateId": null,
    "SegmentId": 68,
    "IsRoot": false,
    "IsActive": true,
    "SortOrdinal": null,
    "ClientId": null,
    "Tag": null
  },
  "Content": "Do not encode the .htaccess file in UTF-8. This will cause an internal server error. Just because you can do this:\n\n    AddDefaultCharset UTF-8\n\ndoes not mean that the .htaccess file itself should be encoded as UTF-8. For more information, see \"Various .htaccess samples and tutorials\" here:\n\n    https://panel.dreamhost.com/kbase/\n        index.cgi?area=3083&keyword=redirect",
  "Tag": "kb2076071716"
}