{
  "Document": {
    "DocumentId": 2076071530,
    "Title": "VB Script and ASP Code: the Split() Function Always Returns an Array; Empty Arrays; IsArray()",
    "DocumentShortName": null,
    "FileName": null,
    "Path": null,
    "CreateDate": "2003-08-22T17:39:42",
    "ModificationDate": "2003-08-22T17:39:42",
    "TemplateId": null,
    "SegmentId": 67,
    "IsRoot": false,
    "IsActive": true,
    "SortOrdinal": null,
    "ClientId": null,
    "Tag": null
  },
  "Content": "There may be the temptation to use the IsArray() function against the Split() function in some sort of data type validation test. However, the Split() function will always return True for such a test even when its required argument is a zero-length string.\n\nIn such a case, Split() will return an \"empty array,\" an array where UBound() returns -1. This suggest that we should test empty arrays with a form like:\n\n    Dim vArray: vArray = Split(\"one two\")\n    If UBound(vArray) <> -1 Then True 'We have an array.",
  "Tag": "kb2076071530"
}