{
  "Document": {
    "DocumentId": 2076071418,
    "Title": "ASP, ADO and Microsoft Access PROBLEM: Access MDB File Fails to Open or Appears Locked",
    "DocumentShortName": null,
    "FileName": null,
    "Path": null,
    "CreateDate": "2001-10-28T18:23:53.977",
    "ModificationDate": "2001-10-28T18:23:53.977",
    "TemplateId": null,
    "SegmentId": 67,
    "IsRoot": false,
    "IsActive": true,
    "SortOrdinal": null,
    "ClientId": null,
    "Tag": null
  },
  "Content": "The IIS user account (e.g. IUSR_<machine name>) requires dangerously high levels of security permissions to open Access MDB files via ASP. When it cannot open the Access database this error may be thrown:\n\nMicrosoft OLE DB Provider for ODBC Drivers (0x80004005) [Microsoft][ODBC Microsoft Access Driver] The Microsoft Jet database engine cannot open the file '(unknown)'. It is already opened exclusively by another user, or you need permission to view its data.\n\nI will not recommend what should be done in response to this problem as using Access databases behind any serious web site totally sucks in ways thought not suckable. Microsoft, alternatively, has more details (MS KB article Q174943):\n\n    http://support.microsoft.com/support/kb/articles/q174/9/43.asp\n",
  "Tag": "kb2076071418"
}