{
  "Document": {
    "DocumentId": 2076071481,
    "Title": "VBScript and ASP Code Snippet: LOGON_USER Split(); vLoginDomainName, vLoginUserName ",
    "DocumentShortName": null,
    "FileName": null,
    "Path": null,
    "CreateDate": "2002-05-28T14:36:23.503",
    "ModificationDate": "2002-05-28T14:36:23.503",
    "TemplateId": null,
    "SegmentId": 67,
    "IsRoot": false,
    "IsActive": true,
    "SortOrdinal": null,
    "ClientId": null,
    "Tag": null
  },
  "Content": "Dim vLogin : vLogin = Request.ServerVariables(\"LOGON_USER\")\n\nDim vLoginDomainName, vLoginUserName\nIf InStr(1,vLogin,\"\\\",vbTextCompare) > 0 Then\n    vLoginDomainName = Split(vLogin,\"\\\",-1,vbTextCompare)(0)\n    vLoginUserName = Split(vLogin,\"\\\",-1,vbTextCompare)(1)\nEnd If\n\n",
  "Tag": "kb2076071481"
}