{
  "Document": {
    "DocumentId": 2076071641,
    "Title": "basIsEmailValid(); This function checks for a valid email address.",
    "DocumentShortName": null,
    "FileName": null,
    "Path": null,
    "CreateDate": "2005-02-03T21:05:23.643",
    "ModificationDate": "2005-02-03T21:05:23.643",
    "TemplateId": null,
    "SegmentId": 76,
    "IsRoot": false,
    "IsActive": true,
    "SortOrdinal": null,
    "ClientId": null,
    "Tag": null
  },
  "Content": "Function basIsEmailValid(ByVal EmailAddr As String) As Boolean\n    'This function checks for a valid email address.\n    Dim lngPosAtSymbol As Long\n    Dim lngPosPeriod As Long\n    Dim lngPosSpace As Long\n    Dim lngLength As Long\n    \n    basIsEmailValid = False\n    If VBA.Len(EmailAddr) = 0 Then Exit Function\n    If VBA.InStr(1, EmailAddr, \"@\", vbTextCompare) = 0 Then Exit Function\n\n    lngPosAtSymbol = GetCharPos(EmailAddr, \"@\", 1)\n    lngPosPeriod = GetCharPos(EmailAddr, \".\")\n    lngPosSpace = GetCharPos(EmailAddr, VBA.Space$(1), 1)\n    lngLength = VBA.Len(EmailAddr)\n    \n    \n    If (lngPosAtSymbol < 1) _\n        Or (lngPosAtSymbol = lngLength) _\n        Or (VBA.Mid$(EmailAddr, lngPosAtSymbol + 1, 1) = \".\") _\n        Or (VBA.Mid$(EmailAddr, lngPosAtSymbol - 1, 1) = \".\") _\n        Or (lngPosPeriod > lngLength - 2) _\n        Or (lngPosSpace > 0) Then\n        basIsEmailValid = False\n    Else\n        basIsEmailValid = True\n    End If\nEnd Function\n",
  "Tag": "kb2076071641"
}