{
  "Document": {
    "DocumentId": 2076071349,
    "Title": "PROPER HYDRATION",
    "DocumentShortName": null,
    "FileName": null,
    "Path": null,
    "CreateDate": "2004-05-21T11:54:43.48",
    "ModificationDate": "2004-05-21T11:54:43.48",
    "TemplateId": null,
    "SegmentId": 81,
    "IsRoot": false,
    "IsActive": true,
    "SortOrdinal": null,
    "ClientId": null,
    "Tag": null
  },
  "Content": "Do you know how to tell when your body needs fluids? Most people would say that their body needs water when they feel thirsty. They drink a glass of water and go on their way. The fact is, however, that by the time your body feels thirsty, it's already excessively low on fluid.\n\nKeeping your body properly hydrated is important for maintaining good health. There are several activities that can stimulate thirst, one of which is eating. Most foods consist of water, and the salts in food help your body absorb water.",
  "Tag": "kb2076071349"
}