{
  "Document": {
    "DocumentId": 2076071308,
    "Title": "Songhay 4; Hardware List",
    "DocumentShortName": null,
    "FileName": null,
    "Path": null,
    "CreateDate": "2000-08-15T16:54:00",
    "ModificationDate": "2000-08-15T16:54:00",
    "TemplateId": null,
    "SegmentId": 71,
    "IsRoot": false,
    "IsActive": true,
    "SortOrdinal": null,
    "ClientId": null,
    "Tag": null
  },
  "Content": "Antec ATX Case (Black)\n\nAMD K6-3 450 \nFIC 1st Mainboard VA-503+\n\nMAXTOR 15.0 GB Diamond Max Plus EIDE Hard Drive\n    7200 RPM\n    2MB Buffer\n    9.0MS Access Time\n    66MB/sec data transfer rate\n\nVooDoo 3000 TV AGP\n    V33416\n    350Mhz RAMDAC (Core Clock: 166Mhz)\n    7 Million Triangles/sec\n    TV/S-Video jack\n    Refresh 60-160Hz\n    16MB SDRAM\n\nPanasonic Zip Drive with Zip Tools\n    260010400054\n    ATAPI\n    Internal\n\nEMU Audio Production Studio\n\nSB Live!",
  "Tag": "kb2076071308"
}