{
  "Document": {
    "DocumentId": 2076071421,
    "Title": "ASP, VBScript and CDONTS PROBLEM: Permission Denied Error",
    "DocumentShortName": null,
    "FileName": null,
    "Path": null,
    "CreateDate": "2001-10-28T18:50:14.78",
    "ModificationDate": "2001-10-28T18:50:14.78",
    "TemplateId": null,
    "SegmentId": 67,
    "IsRoot": false,
    "IsActive": true,
    "SortOrdinal": null,
    "ClientId": null,
    "Tag": null
  },
  "Content": "If the anonymous user account is not granted at least CHANGE permissions to the SMTP mail server folders the following error may be thrown:\n\n    Microsoft VBScript runtime error '800a0046'\n    Permission denied\n    /filename.asp, line xxx\n\nFor more details please see MS KB article (Q197619):\n\n    http://support.microsoft.com/support/kb/articles/Q197/6/19.ASP\n",
  "Tag": "kb2076071421"
}