{
  "Document": {
    "DocumentId": 2076071643,
    "Title": "DAZ Studio 0.9.7.8: Merging DSB Files with a Scene File; DAZ|Script File",
    "DocumentShortName": null,
    "FileName": null,
    "Path": null,
    "CreateDate": "2005-02-05T10:20:02.547",
    "ModificationDate": "2005-02-05T10:20:02.547",
    "TemplateId": null,
    "SegmentId": 62,
    "IsRoot": false,
    "IsActive": true,
    "SortOrdinal": null,
    "ClientId": null,
    "Tag": null
  },
  "Content": "Evidently, Pose, Material, Light and Camera presets (saved in DSB files) can be merged with a scene with the File > Merge... command.\n\nDSB files can be loaded in the Content pane (under Edit > Preferences... > Directories > DAZ|Studio Content Directories > Add...) but this merge command is an alternative.\n\nFor Pose presets, remember to select the object in the scene first before saving/applying the Preset. Otherwise nothing will happen. The relevant error messages have not been implemented yet!\n\nThere is no official DAZ documentation seen by me yet on this topic.",
  "Tag": "kb2076071643"
}