{
  "Document": {
    "DocumentId": 2076071694,
    "Title": "System.Xml.Xsl.XslTransform PROBLEM: Document Type Declarations Are Ignored; xsl:output Element; DOCTYPE; .NET Framework 1.1",
    "DocumentShortName": null,
    "FileName": null,
    "Path": null,
    "CreateDate": "2005-10-28T15:43:41.907",
    "ModificationDate": "2005-10-28T15:43:41.907",
    "TemplateId": null,
    "SegmentId": 83,
    "IsRoot": false,
    "IsActive": true,
    "SortOrdinal": null,
    "ClientId": null,
    "Tag": null
  },
  "Content": "The xsl:output element is supported by the .NET Framework. The xsl:output element is ignored when the output of the XslTransform.Transform method is an XmlReader or XmlWriter. These types are not byte-stream-based, using .NET-native UTF-16 encoded strings to store data.\n\nThe following sketch uses the MemoryStream type to represent data as bytes instead of UTF-16 strings:\n\n    XslTransform xslt = new XslTransform();\n    XPathDocument xml = new XPathDocument(\"data.xml\");\n    MemoryStream ms = new MemoryStream();\n\n    xslt.Load(\"template.xslt\");\n    xslt.Transform(xml,null,ms,null);\n\n    xhtml = Encoding.UTF8.GetString(ms.GetBuffer());\n\nFor details see \"Outputs from an XslTransform\" at:\n\n    http://msdn.microsoft.com/library/\n        en-us/cpguide/html/cpconInputsOutputsToXslTransform.asp",
  "Tag": "kb2076071694"
}