{
  "Document": {
    "DocumentId": 2076071647,
    "Title": "XSLT Markup: The Default Markup for HTML Output for an XSL Style Sheet Used in Visual Studio.net for HTML Intellisense Support",
    "DocumentShortName": null,
    "FileName": null,
    "Path": null,
    "CreateDate": "2005-02-23T14:53:45.847",
    "ModificationDate": "2005-02-23T14:53:45.847",
    "TemplateId": null,
    "SegmentId": 84,
    "IsRoot": false,
    "IsActive": true,
    "SortOrdinal": null,
    "ClientId": null,
    "Tag": null
  },
  "Content": "<?xml version=\"1.0\" encoding=\"UTF-8\" ?>\n<xsl:stylesheet\n    version=\"1.0\"\n    xmlns=\"http://schemas.microsoft.com/intellisense/ie5\"\n    xmlns:xsl=\"http://www.w3.org/1999/XSL/Transform\">\n\n    <xsl:output method=\"html\" />\n\n    <xsl:template match=\"/\">\n        <!--\n            Your XSL can start here.\n            And remember that http://schemas.microsoft.com/intellisense/ie5\n            can produce mal-formed XML!\n        -->\n    </xsl:template>\n\n</xsl:stylesheet>\n",
  "Tag": "kb2076071647"
}