{
  "Document": {
    "DocumentId": 2076071327,
    "Title": "VBA in Outlook",
    "DocumentShortName": null,
    "FileName": null,
    "Path": null,
    "CreateDate": "2000-11-07T20:02:00",
    "ModificationDate": "2000-11-07T20:02:00",
    "TemplateId": null,
    "SegmentId": 76,
    "IsRoot": false,
    "IsActive": true,
    "SortOrdinal": null,
    "ClientId": null,
    "Tag": null
  },
  "Content": "The code written to automate Oulook is stored in a file called VbaProject.OTM. As of this writing, the locations of this file across Windows platforms is detailed at the following location:\n\n    http://msdn.microsoft.com\n        /library/officedev/odeopg\n            /deovrunderstandingvbainoutlook.htm",
  "Tag": "kb2076071327"
}