{
  "Document": {
    "DocumentId": 2076071553,
    "Title": "PayPal Payment HTML Code: BODO BONGSERO Master Disk;BodoDesigns.com",
    "DocumentShortName": null,
    "FileName": null,
    "Path": null,
    "CreateDate": "2004-10-20T14:30:43.37",
    "ModificationDate": "2004-10-20T14:30:43.37",
    "TemplateId": null,
    "SegmentId": 71,
    "IsRoot": false,
    "IsActive": true,
    "SortOrdinal": null,
    "ClientId": null,
    "Tag": null
  },
  "Content": "<!DOCTYPE HTML PUBLIC \"-//W3C//DTD HTML 4.01 Transitional//EN\">\n\n<html>\n<head>\n    <style>\n    body {\n        background: #ffffff none no-repeat scroll 0% 0%;\n        color: #006633;\n        font-family: Verdana, Helvetica, sans-serif;\n        font-size:medium;\n    }\n    h2 {\n        background: transparent none no-repeat scroll 0% 0%;\n        font-size: largest;\n    }\n\n    </style>\n    <title>BODO BONGSERO Master Disk</title>\n</head>\n\n<body>\n<h2>BODO BONGSERO Master Disk</h2>\n<p> Here is the product you requested. Thanks very much for supporting <a href=\"http://kintespace.com\">kintespace.com</a>!</p>\n<form name=\"_xclick\" action=\"https://www.paypal.com/cgi-bin/webscr\" method=\"get\">\n<input type=\"hidden\" name=\"cmd\" value=\"_xclick\">\n<input type=\"hidden\" name=\"business\" value=\"rasx@kintespace.com\">\n\n<input type=\"hidden\" name=\"amount\" value=\"10.00\">\n<input type=\"hidden\" name=\"cancel_return\" value=\"http://www.songhaysystem.com/mail.php\">\n<input type=\"hidden\" name=\"currency_code\" value=\"USD\">\n<input type=\"hidden\" name=\"item_name\" value=\"BODO BONGSERO Master Disk\">\n<input type=\"hidden\" name=\"item_number\" value=\"BODO_002\">\n<input type=\"hidden\" name=\"no_note\" value=\"0\">\n<input type=\"hidden\" name=\"no_shipping\" value=\"0\">\n<input type=\"hidden\" name=\"return\" value=\"http://www.songhaysystem.com\">\n<input type=\"hidden\" name=\"shipping\" value=\"4.99\">\n<input type=\"hidden\" name=\"shipping2\" value=\"2.99\">\n\n<input class=\"uiButton\" type=\"submit\" name=\"submit\" title=\"Make payments with PayPal - it's fast, free and secure!\" value=\"Buy Now!\">\n</form> \n</body>\n</html>\n",
  "Tag": "kb2076071553"
}