{
  "Document": {
    "DocumentId": 2076071705,
    "Title": "MCAD/MCSD Notes: Chapter 8, Lesson 3; Using Forms Authentication",
    "DocumentShortName": null,
    "FileName": null,
    "Path": null,
    "CreateDate": "2005-09-12T17:17:01.067",
    "ModificationDate": "2005-09-12T17:17:01.067",
    "TemplateId": null,
    "SegmentId": 83,
    "IsRoot": false,
    "IsActive": true,
    "SortOrdinal": null,
    "ClientId": null,
    "Tag": null
  },
  "Content": "Lesson 3: Using Forms Authentication\n\nThe purpose of this lesson is to introduce ASP.NET Forms Authentication and to encourage the expectation that Web Application frameworks provide their own security \"controls.\" With Microsoft technologies, this expectation is recognized in ASP.NET 2.0, its Login controls (which are part of the new personalization and membership features of ASP.NET 2.0). More details are found in \"New Security Features in ASP.NET 2.0\" here:\n\n    http://msdn.microsoft.com/library/en-us/dnvs05/html/SecFeatNT2.asp\n\n* \"Forms authentication automatically displays a designated Web form to collect user name and password information... The advantage of Forms authentication is that users do not have to be [a] member of a domain-based network to have access to your application.\"\n\nFor more details see \"Designing Secure ASP.NET Applications\" here:\n\n    http://msdn.microsoft.com/library/en-us/cpguide/html/\n        cpconDesigningSecureASPNETApplications.asp\n\nThe following is sample Web.config declaration for Forms Authentication:\n\n    <authentication mode=\"Forms\" > <!-- Set authentication mode -->\n        <forms loginUrl=\"LogIn.aspx\" > <!-- Specify a log on form -->\n        <credentials passwordFormat=\"Clear\"> <!-- Create a user list -->\n            <user name=\"Jesse\" password=\"JuneBug\"/>\n            <user name=\"Linda\" password=\"Liste\"/>\n            <user name=\"Henry\" password=\"Henry\"/>\n        </credentials>\n        </forms>\n    </authentication>\n\n    <authorization>\n        <deny users=\"?\" /> <!—Deny all unauthenticated users -->\n    </authorization>\n\n\nFor this declaration, the static member FormsAuthentication.Authenticate() of the System.Web.Security namespace takes a user name and password and returns a Boolean. ASP.NET View State can be used to store the number of authentication attempts and the FormsAuthentication.SignOut() method is used to clear the authenticated session and permit a new login attempt. When FormsAuthentication.Authenticate() is true, the FormsAuthentication.RedirectFromLoginPage() method can be used to move from the login page specified in Web.config to the originally requested page.\n\n* \"When storing names and passwords in a file or database, you have the option of encrypting them using the FormsAuthentication class's HashPasswordForStoringInConfigFile method.\"\n\nThe hash algorithms SHA1 or MD5 are used. There are \"urban legends\" out there insisting that one or both of these algorithms is compromised. However, as of July 11, 2005 Microsoft makes no mention of this in \"How to create keys by using Visual C# .NET for use in Forms authentication\" here:\n\n    http://support.microsoft.com/default.aspx?scid=kb;en-us;Q312906\n\n* \"When you authenticate users from Web.config, you use the Authenticate method. When you authenticate users from a database, you must write your own code to find and compare user names and passwords.\"\n\nI'm almost certain that this is 'fixed' in ASP.NET 2.0!",
  "Tag": "kb2076071705"
}