{
  "Document": {
    "DocumentId": 2076071512,
    "Title": "Macromedia Flash MX PROBLEM: JPEG Images Fail to Load as Movie Clips",
    "DocumentShortName": null,
    "FileName": null,
    "Path": null,
    "CreateDate": "2003-03-30T12:40:53",
    "ModificationDate": "2003-03-30T12:40:53",
    "TemplateId": null,
    "SegmentId": 62,
    "IsRoot": false,
    "IsActive": true,
    "SortOrdinal": null,
    "ClientId": null,
    "Tag": null
  },
  "Content": "From Macromedia TechNote 16389:\n\n\"The Macromedia Flash Player does not have a decompressor for progressive JPEG images, therefore files of this type cannot be loaded dynamically and will not display when using the loadMovie action.\"",
  "Tag": "kb2076071512"
}