{
  "Document": {
    "DocumentId": 2076071407,
    "Title": "Windows NT PROBLEM: MMC Error Message; RPC Server Unavailable",
    "DocumentShortName": null,
    "FileName": null,
    "Path": null,
    "CreateDate": "2001-06-08T18:44:33.36",
    "ModificationDate": "2001-06-08T18:44:33.36",
    "TemplateId": null,
    "SegmentId": 79,
    "IsRoot": false,
    "IsActive": true,
    "SortOrdinal": null,
    "ClientId": null,
    "Tag": null
  },
  "Content": "When you open the Microsoft Management Console (MMC) for Internet Information Server 4.x, the following error message appears:\n\n    Error connecting to [Computer Name]: The RPC server is unavailable.\n\nwhere [Computer Name] is the name of a computer but that name is not currently in use. For more details please see:\n\n\"Updating IIS after the Computer Name Is Changed\"\nhttp://support.microsoft.com/support/kb/articles/Q234/1/42.ASP\n",
  "Tag": "kb2076071407"
}