{
  "Document": {
    "DocumentId": 2076071500,
    "Title": "Element K Journals Articles at CreativePro.com",
    "DocumentShortName": null,
    "FileName": null,
    "Path": null,
    "CreateDate": "2002-12-04T16:55:14",
    "ModificationDate": "2002-12-04T16:55:14",
    "TemplateId": null,
    "SegmentId": 62,
    "IsRoot": false,
    "IsActive": true,
    "SortOrdinal": null,
    "ClientId": null,
    "Tag": null
  },
  "Content": "This is a quick and dirty search for a list of articles at CreativePro.com written by Element K Journals:\n\n    http://search.creativepro.com/SpecificSearchResults\n        ?query=Element+K+Journals&index=feature&querytype=phrase\n\nFor the truly adventurous (or the cash rich), go the Element K Journals web site and look for these articles:\n\n    http://www.elementkjournals.com",
  "Tag": "kb2076071500"
}