{
  "Document": {
    "DocumentId": 2076071602,
    "Title": "UCLA MCCS: Compliance Notes",
    "DocumentShortName": null,
    "FileName": null,
    "Path": null,
    "CreateDate": "2004-07-26T11:45:02.977",
    "ModificationDate": "2004-07-26T11:45:02.977",
    "TemplateId": null,
    "SegmentId": 70,
    "IsRoot": false,
    "IsActive": true,
    "SortOrdinal": null,
    "ClientId": null,
    "Tag": null
  },
  "Content": "complianceReader|mb8ngw2gj7a",
  "Tag": "kb2076071602"
}