{
  "Document": {
    "DocumentId": 2076071745,
    "Title": "C# Code in Cold Storage: ConnectionStringIsValid()",
    "DocumentShortName": null,
    "FileName": null,
    "Path": null,
    "CreateDate": "2006-05-09T15:12:30.487",
    "ModificationDate": "2006-05-09T15:12:30.487",
    "TemplateId": null,
    "SegmentId": 83,
    "IsRoot": false,
    "IsActive": true,
    "SortOrdinal": null,
    "ClientId": null,
    "Tag": null
  },
  "Content": "\n        private static bool ConnectionStringIsValid(SqlConnection SqlCnn,\n            string ConnectionString)\n        {\n            /*\n                FUNKYKB:\n                The connection string is parsed immediately after being set.\n                If errors in syntax are found when parsing, a runtime exception,\n                such as ArgumentException, is generated.\n                Other errors can be found only when an attempt is made\n                to open the connection.\n\n                In ADO.NET 2.0 this procedure is replaced by the\n                SqlConnectionStringBuilder.\n            */\n            bool success = false;\n\n            if (SqlCnn.State == ConnectionState.Open) return success;\n\n            SqlCnn.ConnectionString = ConnectionString;\n            success = true;\n\n            return success;\n        }\n",
  "Tag": "kb2076071745"
}