{
  "Document": {
    "DocumentId": 2076071606,
    "Title": "Visual Studio.NET and ASP.NET: \"Cleaning\" the Visual Studio Web Cache; VSWebCache",
    "DocumentShortName": null,
    "FileName": null,
    "Path": null,
    "CreateDate": "2004-09-15T15:06:33.943",
    "ModificationDate": "2004-09-15T15:06:33.943",
    "TemplateId": null,
    "SegmentId": 83,
    "IsRoot": false,
    "IsActive": true,
    "SortOrdinal": null,
    "ClientId": null,
    "Tag": null
  },
  "Content": "The VSWebCache folder is located here:\n\n    %HOMEDRIVE%\\Documents and Settings\\%USERNAME%\\VSWebCache\n\nThe recommendation is to periodically clean this folder out by deleting everything in it (when Visual Studio is not running).",
  "Tag": "kb2076071606"
}