{
  "Document": {
    "DocumentId": 2064055916,
    "Title": "Windows NT: BMP Files Can Be Used as Icons",
    "DocumentShortName": null,
    "FileName": null,
    "Path": null,
    "CreateDate": "2000-12-24T14:25:51.723",
    "ModificationDate": "2000-12-24T14:25:51.723",
    "TemplateId": null,
    "SegmentId": 79,
    "IsRoot": false,
    "IsActive": true,
    "SortOrdinal": null,
    "ClientId": null,
    "Tag": null
  },
  "Content": "Windows bitmap files can be used as icons. When the Change Icon... button is pressed from a Shortcut dialog, keep in mind that it is possible to Browse... for *.BMP files when showing all files in the Browse dialog.\n\nIt can only help to choose BMP files that equal or are directly proportional to 32x32 pixels.",
  "Tag": "kb2064055916"
}