{
  "Document": {
    "DocumentId": 2076071755,
    "Title": "Microsoft Money 2006 Standard PROBLEM: \"You cannot change the credit limit for a credit card account in Money 2005 Standard or in Money Standard 2006\"",
    "DocumentShortName": null,
    "FileName": null,
    "Path": null,
    "CreateDate": "2006-06-24T23:04:06.53",
    "ModificationDate": "2006-06-24T23:04:06.53",
    "TemplateId": null,
    "SegmentId": 81,
    "IsRoot": false,
    "IsActive": true,
    "SortOrdinal": null,
    "ClientId": null,
    "Tag": null
  },
  "Content": "The title of the article is self-explanatory: \"You cannot change the credit limit for a credit card account in Money 2005 Standard or in Money Standard 2006.\" As of this writing, the article is here:\n\n   http://support.microsoft.com/?scid=kb;en-us;914968",
  "Tag": "kb2076071755"
}