{
  "Document": {
    "DocumentId": 2076071591,
    "Title": "C# Code Snippet: Use of the DataTable NewRow() Method and the DefaultView Property",
    "DocumentShortName": null,
    "FileName": null,
    "Path": null,
    "CreateDate": "2004-06-04T15:06:34.183",
    "ModificationDate": "2004-06-04T15:06:34.183",
    "TemplateId": null,
    "SegmentId": 83,
    "IsRoot": false,
    "IsActive": true,
    "SortOrdinal": null,
    "ClientId": null,
    "Tag": null
  },
  "Content": "/*\n    This snippet modifies the data source of a ComboBox in a custom DataGrid\n    Column Style (featuring a ComboBox). The keyword this references this Style.\n\n    Note that a DataView object comes by default (DefaultView) in the DataTable\n    object. This makes sorting on the fly possible with one line of code.\n*/\n    DataRow dRow = p_dataTable.NewRow();\n    dRow[p_valueMember] = DBNull.Value;\n    dRow[p_displayMember] = this.NullText;\n    p_dataTable.Rows.Add(dRow);\n    p_dataTable.DefaultView.Sort = p_displayMember;\n",
  "Tag": "kb2076071591"
}