{
  "Document": {
    "DocumentId": 2076071719,
    "Title": "bash: Clearing the Command Line History",
    "DocumentShortName": null,
    "FileName": null,
    "Path": null,
    "CreateDate": "2005-11-01T14:38:56.337",
    "ModificationDate": "2005-11-01T14:38:56.337",
    "TemplateId": null,
    "SegmentId": 73,
    "IsRoot": false,
    "IsActive": true,
    "SortOrdinal": null,
    "ClientId": null,
    "Tag": null
  },
  "Content": "Alexey Fadyushin of the redhat.com list archives writes: \"The correct way to clear history is to use 'history -c' because this will clear all history, including commands used in the session from which the command 'history -c' is given.\"\n\nThis is not as formal or effective as 'rm -f ~/.bash_history'.",
  "Tag": "kb2076071719"
}