{
  "Document": {
    "DocumentId": 2076071342,
    "Title": "TEA TIME",
    "DocumentShortName": null,
    "FileName": null,
    "Path": null,
    "CreateDate": "2004-05-21T11:54:43.45",
    "ModificationDate": "2004-05-21T11:54:43.45",
    "TemplateId": null,
    "SegmentId": 81,
    "IsRoot": false,
    "IsActive": true,
    "SortOrdinal": null,
    "ClientId": null,
    "Tag": null
  },
  "Content": "Everyone has heard of the notorious \"tea time\" in England. It seems a simple life to invite your friends and family over for some tea and catch up on the times. But, the English may know exactly what they're doing when it comes time for tea. \n\nA recent study has found that one cup of tea per day may cut the chance of a heart attack by 44 percent. A group of 340 men and women who had suffered a heart attack were compared to those of a similar profile who had not suffered a heart attack. The study concluded that the flavonoids found in tea were the reason for the good news. \nFlavonoids are nutrients that act as antioxidants to ward off the deterioration of cells and keep dangerous free radicals away from the walls of blood vessels. Flavonoids also keep cells from clotting.",
  "Tag": "kb2076071342"
}