{
  "Document": {
    "DocumentId": 2076071732,
    "Title": "Word 2003 Problem: Word Loads VSTO Projects with Latest .NET Runtime by Default for Debugging; Visual Studio Tools for Office 2003",
    "DocumentShortName": null,
    "FileName": null,
    "Path": null,
    "CreateDate": "2006-01-25T10:59:07.567",
    "ModificationDate": "2006-01-25T10:59:07.567",
    "TemplateId": null,
    "SegmentId": 85,
    "IsRoot": false,
    "IsActive": true,
    "SortOrdinal": null,
    "ClientId": null,
    "Tag": null
  },
  "Content": "Ken Laws of Microsoft writes the following: \"Once Visual Studio 2005 is installed you may encounter problems debugging your VSTO 2003 project from within Visual Studio 2003. This is again a result of Microsoft Office loading the project in the 2.0 Framework. A couple of options that you have for debugging would be to convert the project to a VSTO 2005 project and you could then debug using Visual Studio 2005 or you could also implement an app config file to force Microsoft Office to load the project in the 1.1. Framework.\"\n\nThis is the format of the configuration file:\n\n    <configuration>\n    <startup>\n        <supportedRuntime version=\"v1.1.4322\"/> \n    </startup>\n    </configuration>\n\nThis fragment should be saved in an XML file saved at this path:\n\n    %Program Files%\\Microsoft Office\\OFFICE11\\WINWORD.EXE.CONFIG\n\nFor more details, see \"Targeting a .NET Framework Version\" at:\n\n    http://msdn.microsoft.com/library/\n        en-us/cpguide/html/cpcontargetingnetframeworkversion.asp",
  "Tag": "kb2076071732"
}