{
  "Document": {
    "DocumentId": 2076071317,
    "Title": "USING ALUMINUM COOKWARE",
    "DocumentShortName": null,
    "FileName": null,
    "Path": null,
    "CreateDate": "2004-05-21T11:54:43.43",
    "ModificationDate": "2004-05-21T11:54:43.43",
    "TemplateId": null,
    "SegmentId": 81,
    "IsRoot": false,
    "IsActive": true,
    "SortOrdinal": null,
    "ClientId": null,
    "Tag": null
  },
  "Content": "by Lindsay Edwards \n \nAnodization is a process that makes aluminum cookware scratch-resistant and prevents the cookware from reacting with foods prepared in it. People who like to cook prefer anodized aluminum over stainless steel because it's harder, conducts heat better, and remains nonstick for life. \n\nThe safety of cooking in aluminum pots and pans has been under debate recently. Studies have shown that aluminum deposits exist in the brains of Alzheimer's patients. There is speculation that these deposits might have occurred in conjunction with aluminum cookware, but this theory has not been proven. It's possible that people are getting more aluminum from over-the-counter medications than they are from food prepared in aluminum cookware. \n",
  "Tag": "kb2076071317"
}