{
  "Document": {
    "DocumentId": 2076071702,
    "Title": "Visual Studio .NET: xsi:no­NamespaceSchemaLocation and xsi:schema­Location Attributes is not supported in VS.NET 2003",
    "DocumentShortName": null,
    "FileName": null,
    "Path": null,
    "CreateDate": "2009-08-09T17:06:08",
    "ModificationDate": "2009-08-09T17:06:08",
    "TemplateId": null,
    "SegmentId": 84,
    "IsRoot": false,
    "IsActive": true,
    "SortOrdinal": null,
    "ClientId": null,
    "Tag": null
  },
  "Content": "Many an experienced Visual Studio .NET user who is an inexperienced XSD designer will be wont to take advantage of this path:\n\n    %ProgramFiles%\\Microsoft Visual Studio .NET 2003\\Common7\\Packages\\schemas\\xml\\\n\nThis path is involved in adding Intellisense support for user-defined schemas. An alternative to this approach would be to use the xsi:no­NamespaceSchemaLocation and xsi:schema­Location attributes instead. But Visual Studio .NET 2003 does not support this! This is corrected in Visual Studio .NET 2005. These attributes are discussed in general by Eric van der Vlist in \"Using W3C XML Schema\" here:\n\n    http://www.xml.com/pub/a/2000/11/29/schemas/part1.html?page=9\n\nThe \n        x­mlns=\"http://example.org/ns/books/\"\n        x­mlns:xsi=\"http://www.w3.org/2001/XMLSchema-instance\"\n        xsi:schemaLocation=\"http://example.org/ns/books/ file:library.xsd\">\n\nNote that <book> is the document element or root node and\n\nIn the above example, the schema location URI used the file: protocol. Of course, the http: protocol is used as well.",
  "Tag": "kb2076071702"
}