{
  "Document": {
    "DocumentId": 2076071685,
    "Title": "Windows 98: \"How to Change Passwords in Windows Me/98/95\"",
    "DocumentShortName": null,
    "FileName": null,
    "Path": null,
    "CreateDate": "2005-06-14T11:39:12.817",
    "ModificationDate": "2005-06-14T11:39:12.817",
    "TemplateId": null,
    "SegmentId": 79,
    "IsRoot": false,
    "IsActive": true,
    "SortOrdinal": null,
    "ClientId": null,
    "Tag": null
  },
  "Content": "\"How to Change Passwords in Windows Me/98/95\"\n\nhttp://support.microsoft.com/?kbid=257485&sd=RMVP\n\n\"NOTE: If you cancel the network logon, the Change Passwords tab may not be available. You must log on so the Change Passwords tab will be available.\"",
  "Tag": "kb2076071685"
}