{
  "Document": {
    "DocumentId": 2076071306,
    "Title": "DSL Notes",
    "DocumentShortName": null,
    "FileName": null,
    "Path": null,
    "CreateDate": "2000-08-15T00:32:00",
    "ModificationDate": "2000-08-15T00:32:00",
    "TemplateId": null,
    "SegmentId": 68,
    "IsRoot": false,
    "IsActive": true,
    "SortOrdinal": null,
    "ClientId": null,
    "Tag": null
  },
  "Content": "You don't need a server with mindspring, they will allow three logins at the same time with their DSL package.  Connect your modem to the uplink port on your hub, along with your computers.  Put your mindspring software and firewall software on each computer and login using the same account info and password on each one.  You will be assigned three different dynamic addresses.  If your network grows to four computers you'll have to set up a server, or buy a router.\n\n***\n\nIf you connect the modem to a hub all machines can access the modem and then the internet connection but only ONE at a time (no sharing of the internet connection.)\nWith a router ALL machines can access the internet at the same time through the router. The router supplies the internet connection. Now some routers also have an auto sensing switched hub built into them. \nBut you can connect the router to a switched hub is best if you buy one with only one port on it.\nAlso when you run more computers than there are ports you can uplink other hubs to it. The router also provides a hardware firewall for your computer.\nThe configuration is;\nADSL Modem /Router (/Hub if you need one) /Networked computers NICs. I use a Linksys Router BERSF41.\n\n***\n\nIn my case (I have 2 systems, a 3com hub, and a Cisco 675 dsl modem which provides NAT) I just plugged the Cisco into the uplink port of the hub (in this case using a crossover cable provided w/ the Cisco) hooked my systems to the hub and bingo, there you go.  So.. I assume from your question that your DSL modem is external, if so, does it provide natting or some kind of proxy service?  If so, you can probably do the same thing.\n\n***\n\nMy setup is very similar to yours:\n \nDSL modem connected to hub (with crossover cable)\nTwo Macs connected to hub (with regular ethernet cables)\nLaserWriter Pro connected to hub (with regular ethernet cable)\n \nAll devices are plugged into the normal hub ports - the uplink port is unused.  I have a PPPoE client (EnterNet) and firewall software (DoorStop) on both Macs.\n \nThis setup works fine for me.  Both Macs see the internet and the printer and each other.\n \nNote: the hub will broadcast your local network traffic (printing, file sharing) onto the internet.  And, if you do not have firewall, it might be smart to disable file sharing and web sharing on these Macs when the DSL connection is on.  A more secure solution is to replace the hub with a router (LinkSys, Xsense, etc.)\n \n-- \nJulian Vrieslander <mailto:julianv@mindspring.com>\n\n***\n\nhttp://www.tuketu.com/dsl/xdsl.htm\n\n***\n\nCAT5 Cross-over Cable",
  "Tag": "kb2076071306"
}