{
  "Document": {
    "DocumentId": 2076071359,
    "Title": "MS SQL Server 7.x: When to Use Views; Normalized Data",
    "DocumentShortName": null,
    "FileName": null,
    "Path": null,
    "CreateDate": "2002-01-05T09:01:30.583",
    "ModificationDate": "2002-01-05T09:01:30.583",
    "TemplateId": null,
    "SegmentId": 72,
    "IsRoot": false,
    "IsActive": true,
    "SortOrdinal": null,
    "ClientId": null,
    "Tag": null
  },
  "Content": "Views are not just useful for security reasons (where only subsets of data is shown). Views also improve performance when displaying normalized data. For more details please see the following:\n\n    http://www.sqlmag.com/Articles/Index.cfm?ArticleID=5917",
  "Tag": "kb2076071359"
}