{
  "Document": {
    "DocumentId": 2076071373,
    "Title": "Songhay 3 Remote Login",
    "DocumentShortName": null,
    "FileName": null,
    "Path": null,
    "CreateDate": "2001-01-31T20:58:04.187",
    "ModificationDate": "2001-01-31T20:58:04.187",
    "TemplateId": null,
    "SegmentId": 66,
    "IsRoot": false,
    "IsActive": true,
    "SortOrdinal": null,
    "ClientId": null,
    "Tag": null
  },
  "Content": "* Songhay3: z_default | guest\n",
  "Tag": "kb2076071373"
}