{
  "Document": {
    "DocumentId": 2076071405,
    "Title": "ASP JScript and XML/XSL Code: Rendering HTML from Static XML/XSL Files",
    "DocumentShortName": null,
    "FileName": null,
    "Path": null,
    "CreateDate": "2002-01-05T09:24:42.853",
    "ModificationDate": "2002-01-05T09:24:42.853",
    "TemplateId": null,
    "SegmentId": 84,
    "IsRoot": false,
    "IsActive": true,
    "SortOrdinal": null,
    "ClientId": null,
    "Tag": null
  },
  "Content": "<%@ LANGUAGE = JScript %>\n<%\n    // Set the source and style sheet locations here\n    var sourceFile = Server.MapPath(\"simple.xml\");\n    var styleFile = Server.MapPath(\"simple.xsl\");\n  \n    // Load the XML \n    var source = Server.CreateObject(\"Microsoft.XMLDOM\");\n    source.async = false;\n    source.load(sourceFile);\n\n    // Load the XSL\n    var style = Server.CreateObject(\"Microsoft.XMLDOM\");\n    style.async = false;\n    style.load(styleFile);\n\n    source.transformNodeToObject(style, Response);\n%>\n",
  "Tag": "kb2076071405"
}