{
  "Document": {
    "DocumentId": 2076071384,
    "Title": "Romona Africa 1992: trueSpace Camera Coordinates; Sorority Splits Hairs",
    "DocumentShortName": null,
    "FileName": null,
    "Path": null,
    "CreateDate": "2001-04-07T23:02:47.407",
    "ModificationDate": "2001-04-07T23:02:47.407",
    "TemplateId": null,
    "SegmentId": 80,
    "IsRoot": false,
    "IsActive": true,
    "SortOrdinal": null,
    "ClientId": null,
    "Tag": null
  },
  "Content": "0:(-4.528,3.461,3.000) (-180.00,0.00,180.00) (0.500,1.000,1.000)\n1:(-3.803,0.546,2.500) (155.04,-39.14,177.38) (0.500,1.000,0.918)\n2:(2.948,0.529,2.500) (155.04,30.00,177.38) (0.500,1.000,0.918)",
  "Tag": "kb2076071384"
}