{
  "Document": {
    "DocumentId": 2076071759,
    "Title": "Linux Command: iptables",
    "DocumentShortName": null,
    "FileName": null,
    "Path": null,
    "CreateDate": "2006-09-22T20:46:17.27",
    "ModificationDate": "2006-09-22T20:46:17.27",
    "TemplateId": null,
    "SegmentId": 73,
    "IsRoot": false,
    "IsActive": true,
    "SortOrdinal": null,
    "ClientId": null,
    "Tag": null
  },
  "Content": "\"Iptables is a firewall, installed by default on the Ubuntu Server.\"\n\n    https://help.ubuntu.com/community/IptablesHowTo\n\nFor more information, see \"Netfilter/iptables\":\n\n    http://en.wikipedia.org/wiki/Iptables",
  "Tag": "kb2076071759"
}