{
  "Document": {
    "DocumentId": 2076071388,
    "Title": "Windows NT Command Script: BackupProfile.cmd; Moving User Settings to a HomeDrive Other Than the SystemDrive",
    "DocumentShortName": null,
    "FileName": null,
    "Path": null,
    "CreateDate": "2001-05-13T08:42:28.9",
    "ModificationDate": "2001-05-13T08:42:28.9",
    "TemplateId": null,
    "SegmentId": 79,
    "IsRoot": false,
    "IsActive": true,
    "SortOrdinal": null,
    "ClientId": null,
    "Tag": null
  },
  "Content": "@ECHO OFF\nECHO Deleting old backup...\nRD /S /Q \"%HomeDrive%\\%HomePath%\\~data\\~Application Data Backup\"\nRD /S /Q \"%HomeDrive%\\%HomePath%\\~data\\~Favorites Backup\"\nRD /S /Q \"%HomeDrive%\\%HomePath%\\~data\\~Local Settings Backup\"\nRD /S /Q \"%HomeDrive%\\%HomePath%\\~data\\~SendTo Backup\"\nECHO Backing up Profile Data...\nMD \"%HomeDrive%\\%HomePath%\\~data\\~Application Data Backup\"\nMD \"%HomeDrive%\\%HomePath%\\~data\\~Favorites Backup\"\nMD \"%HomeDrive%\\%HomePath%\\~data\\~Local Settings Backup\"\nMD \"%HomeDrive%\\%HomePath%\\~data\\~SendTo Backup\"\nECHO Getting Application Data...\nXCOPY \"%SystemRoot%\\Profiles\\rasx\\Application Data\" \"%HomeDrive%\\%HomePath%\\~data\\~Application Data Backup\\\" /Q /E /V\nECHO Getting Favorites...\nXCOPY \"%SystemRoot%\\Profiles\\rasx\\Favorites\" \"%HomeDrive%\\%HomePath%\\~data\\~Favorites Backup\\\" /Q /E /V\nECHO Getting Local Settings...\nXCOPY \"%SystemRoot%\\Profiles\\rasx\\Local Settings\" \"%HomeDrive%\\%HomePath%\\~data\\~Local Settings Backup\\\" /Q /E /V\nECHO Getting SendTo Folder...\nXCOPY \"%SystemRoot%\\Profiles\\rasx\\SendTo\" \"%HomeDrive%\\%HomePath%\\~data\\~SendTo Backup\\\" /Q /E /V\n",
  "Tag": "kb2076071388"
}