{
  "Document": {
    "DocumentId": 2076071724,
    "Title": "Flash MX ActionScript 2.0: Explicitly Adding the DataProvider API to An Array()",
    "DocumentShortName": null,
    "FileName": null,
    "Path": null,
    "CreateDate": "2005-12-22T11:37:16.857",
    "ModificationDate": "2005-12-22T11:37:16.857",
    "TemplateId": null,
    "SegmentId": 67,
    "IsRoot": false,
    "IsActive": true,
    "SortOrdinal": null,
    "ClientId": null,
    "Tag": null
  },
  "Content": "//This may be useful:\n\nimport mx.controls.listclasses.DataProvider;\nDataProvider.Initialize(Array);",
  "Tag": "kb2076071724"
}