{
  "Document": {
    "DocumentId": 2076071639,
    "Title": "Office 2003: Enduring Keyboard Shortcuts for Office Word, Useful Webcasts and Other Flippant Remarks; Office Word 2003",
    "DocumentShortName": null,
    "FileName": null,
    "Path": null,
    "CreateDate": "2005-01-28T01:21:30.593",
    "ModificationDate": "2005-01-28T01:21:30.593",
    "TemplateId": null,
    "SegmentId": 85,
    "IsRoot": false,
    "IsActive": true,
    "SortOrdinal": null,
    "ClientId": null,
    "Tag": null
  },
  "Content": "* The Table > Autofit commands were seriously overlooked.\n\n* Enhanced metafile is the graphics format that Word \"likes\" (won't bloat file size).\n\n* Keyboard shortcuts for Office Word that have lasted over the years:\n\n    Ctrl + c (Copy)\n    Ctrl + v (Paste)\n    Ctrl + z (Undo)\n    Ctrl + y (Redo)\n\n    Ctrl + n (set Normal Paragraph Style)\n    Ctrl + l (set to List Bullet Paragraph Style)\n\n    Shift + F3 (toggle case)\n\n    Ctrl + Alt + 1 (set Heading 1 Paragraph Style)\n    Ctrl + Alt + 2 (set Heading 2 Paragraph Style)\n    Ctrl + Alt + 3 (set Heading 3 Paragraph Style)\n\n* New Word shortcuts picked up from the Web-casts:\n\n    F4 (Redo)\n\n    Ctrl + Q (clear paragraph formatting)\n    Ctrl + Spacebar (clear character formatting)\n\n    Ctrl + Shift + F9 (convert object in Field to picture)\n\nAs of this note, the relevant Web-casts can be found here:\n\n    http://www.microsoft.com/seminar/events/series/connectedproductivity.mspx\n\nThe two presenter names that stick out are Stephanie Krieger and Chris Bertelson.",
  "Tag": "kb2076071639"
}