{
  "Document": {
    "DocumentId": 2076071507,
    "Title": "ASP, VBScript and ADSI: ADSI Authentication Function; basADSILogin",
    "DocumentShortName": null,
    "FileName": null,
    "Path": null,
    "CreateDate": "2003-02-06T11:19:32.517",
    "ModificationDate": "2003-02-06T11:19:32.517",
    "TemplateId": null,
    "SegmentId": 67,
    "IsRoot": false,
    "IsActive": true,
    "SortOrdinal": null,
    "ClientId": null,
    "Tag": null
  },
  "Content": "Function basADSILogin(vDomain,vUser,vPwd)\n    Dim vADsPath\n    vADsPath = \"WinNT://\" & vDomain & \"/\" & vUser & \",user\"\n\n    Dim objADSI\n\n    basADSILogin = False\n\n    On Error Resume Next\n    Set objADSI = GetObject(vADsPath)\n    If Err.number <> 0 Then Exit Function\n\n    Dim objADSINamespace : Set objADSINamespace = GetObject(\"WinNT:\")\n\n    On Error Resume Next\n    Set objADSI = objADSINamespace.OpenDSObject(vADsPath,vUser,vPwd,0)\n    If Err.number = 0 Then\n        basADSILogin = True\n    End If\n\n    Set objADSI = Nothing\n    Set objADSINamespace = Nothing\nEnd Function\n",
  "Tag": "kb2076071507"
}