{
  "Document": {
    "DocumentId": 2076071599,
    "Title": "Windows Forms: A DataGrid Bound \"Directly\" to a DataTable Is Actually Using the DefaultView; Disappearing New Rows",
    "DocumentShortName": null,
    "FileName": null,
    "Path": null,
    "CreateDate": "2004-07-11T12:56:22.02",
    "ModificationDate": "2004-07-11T12:56:22.02",
    "TemplateId": null,
    "SegmentId": 83,
    "IsRoot": false,
    "IsActive": true,
    "SortOrdinal": null,
    "ClientId": null,
    "Tag": null
  },
  "Content": "A DataGrid bound \"directly\" to a DataTable is actually using the DefaultView property of the DataTable. It follows that the RowFilter, RowStateFilter and Sort properties of the DefaultView suddenly become very important in the explanation of why new rows added to your DataGrid suddenly disappear as soon as they are left out of focus.\n\nTo insure that the grid behaves somewhat predictably, this static member helps:\n\n    internal static void DataDefaultView(DataView TargetDefaultView)\n    {\n        TargetDefaultView.RowFilter = String.Empty;\n        TargetDefaultView.RowStateFilter = DataViewRowState.CurrentRows;\n        TargetDefaultView.Sort = String.Empty;\n    }\n",
  "Tag": "kb2076071599"
}