{
  "Document": {
    "DocumentId": 2076071654,
    "Title": "Flippant Remarks about Building Events in C#",
    "DocumentShortName": null,
    "FileName": null,
    "Path": null,
    "CreateDate": "2005-03-15T14:42:36.523",
    "ModificationDate": "2005-03-15T14:42:36.523",
    "TemplateId": null,
    "SegmentId": 83,
    "IsRoot": false,
    "IsActive": true,
    "SortOrdinal": null,
    "ClientId": null,
    "Tag": null
  },
  "Content": "Just remember the following:\n\n* An event must be of a delegate type\n\n* A delegate may require custom event arguments of a programmer-defined type\n\nSo we see three things to consider when building events: (i) the declaration of the event; (ii) the declaration of the delegate on which the event depends; (iii) the definition of any event arguments specified in the delegate declaration.\n\nFor more on this, see \"Events In C#\" by Sanju:\n\n    http://www.csharphelp.com/archives/archive253.html",
  "Tag": "kb2076071654"
}