{
  "Document": {
    "DocumentId": 2076071466,
    "Title": "Songhay3: MSI K7T Turbo-R; System Unit Powers Up Unexpectedly",
    "DocumentShortName": null,
    "FileName": null,
    "Path": null,
    "CreateDate": "2002-04-20T19:05:00.21",
    "ModificationDate": "2002-04-20T19:05:00.21",
    "TemplateId": null,
    "SegmentId": 66,
    "IsRoot": false,
    "IsActive": true,
    "SortOrdinal": null,
    "ClientId": null,
    "Tag": null
  },
  "Content": "When the BIOS setting under Power Management Setup called \"State After Power Failure\" is not set to Off the system unit may power up unexpectedly and immediately power off. The assumption here is that the system unit expects to be connected to a continuous power source (even when shut off) instead of a power strip that is turned on and off.",
  "Tag": "kb2076071466"
}