{
  "Document": {
    "DocumentId": 2076071633,
    "Title": "WordProcessingML: Flippant remarks about the run element",
    "DocumentShortName": null,
    "FileName": null,
    "Path": null,
    "CreateDate": "2007-05-15T12:32:58",
    "ModificationDate": "2007-05-15T12:32:58",
    "TemplateId": null,
    "SegmentId": 84,
    "IsRoot": false,
    "IsActive": true,
    "SortOrdinal": null,
    "ClientId": null,
    "Tag": null
  },
  "Content": "A run is an arbitrary sequence of characters in an Office System Word 2003 document. In Visual Basic for Applications for Word, this would probably be called a Range. The run element, <r /> is documented here:\n\n    http://msdn.microsoft.com/library/en-us/\n        WordXMLCDK/html/cdkweler_simpleFieldType_HV01114797.asp\n\nThe run property child element, <rPr /> , of the run element is designed to deal with the problem of \"multiple formatting\"---say, applying bold and italic to characters.",
  "Tag": "kb2076071633"
}