{
  "Document": {
    "DocumentId": 2076071575,
    "Title": "T-SQL Syntax: The LIKE Operator with Bracket Wildcard Operators ([]); Using Wildcard Characters as Literals",
    "DocumentShortName": null,
    "FileName": null,
    "Path": null,
    "CreateDate": "2004-04-29T12:05:03.347",
    "ModificationDate": "2004-04-29T12:05:03.347",
    "TemplateId": null,
    "SegmentId": 72,
    "IsRoot": false,
    "IsActive": true,
    "SortOrdinal": null,
    "ClientId": null,
    "Tag": null
  },
  "Content": "To search for text like '[foo]' and '[bar]' where the brackets are seen as literals we can use the LIKE operator in the WHERE predicate:\n\n    ...\n    WHERE [ColumName] LIKE '[[]%]'\n\nThis is covered in detail under \"Using Wildcard Characters as Literals\" in the SQL Books Online documentation here:\n\n    http://msdn.microsoft.com/library/default.asp\n        ?url=/library/en-us/tsqlref/ts_la-lz_115x.asp",
  "Tag": "kb2076071575"
}