{
  "Document": {
    "DocumentId": 2076071337,
    "Title": "CARROTS AND YOUR VISION",
    "DocumentShortName": null,
    "FileName": null,
    "Path": null,
    "CreateDate": "2004-05-21T11:54:43.38",
    "ModificationDate": "2004-05-21T11:54:43.38",
    "TemplateId": null,
    "SegmentId": 81,
    "IsRoot": false,
    "IsActive": true,
    "SortOrdinal": null,
    "ClientId": null,
    "Tag": null
  },
  "Content": "The myth that carrots can improve your eyesight is simply not true. However, carrots do contain beta-carotene, a substance that your body converts to vitamin A. Vitamin A is the nutrient crucial for maintaining eyesight. \n\nA vitamin A deficiency can cause night blindness and sometimes even complete blindness. In fact, vitamin A deficiency is the leading cause of blindness in Third World countries. But, if you're not already lacking vitamin A in your diet, your vision will not improve no matter how many carrots you eat. \n\nIf you eat a lot of carrots, be wary of your skin turning orange. Beta-carotene is a pigment---an orange pigment. It goes without saying: You are what you eat.",
  "Tag": "kb2076071337"
}