{
  "Document": {
    "DocumentId": 2076071697,
    "Title": "XHTML Problem: Internet Explorer Shows Blank Page When <script /> Is Present; Minimized script elements",
    "DocumentShortName": null,
    "FileName": null,
    "Path": null,
    "CreateDate": "2005-08-02T16:09:20.79",
    "ModificationDate": "2005-08-02T16:09:20.79",
    "TemplateId": null,
    "SegmentId": 67,
    "IsRoot": false,
    "IsActive": true,
    "SortOrdinal": null,
    "ClientId": null,
    "Tag": null
  },
  "Content": "Minimized script elements are interpreted as open elements by Internet Explorer up to version 6.x. It follows that\n\n    <script type=\"text/javascript\" src=\"...\" />\n\nwill be seen as\n\n    <script type=\"text/javascript\" src=\"...\">\n\nThis will effectively consume any elements following. So when a script element appears within the head element, an entire document can disappear! This, of course, is the workaround:\n\n    <script type=\"text/javascript\" src=\"...\"></script>",
  "Tag": "kb2076071697"
}