{
  "Document": {
    "DocumentId": 2076071402,
    "Title": "SQL Server 2000 and XML: Projecting XML Streams Dynamically from SQL Server",
    "DocumentShortName": null,
    "FileName": null,
    "Path": null,
    "CreateDate": "2002-01-05T09:25:31.957",
    "ModificationDate": "2002-01-05T09:25:31.957",
    "TemplateId": null,
    "SegmentId": 84,
    "IsRoot": false,
    "IsActive": true,
    "SortOrdinal": null,
    "ClientId": null,
    "Tag": null
  },
  "Content": "Projecting XML on the fly out of a DBMS is useful. With SQL Server 2000, the Microsoft way of providing this functionality depends on constructing a \"Universal Table\" out of a SELECT statement featuring the new FOR XML clause. For an overview of this functionality, start with the following links:\n\n\"Retrieving Dynamic XML from SQL Server 7.0 and 2000\"\nhttp://www.15seconds.com/Issue/001102.htm\n\n\"Retrieving Result Sets into Streams\"\nhttp://msdn.microsoft.com/library/psdk/sql/adoprg03_6coj.htm\n\n\"Using EXPLICIT Mode\"\nhttp://msdn.microsoft.com/library/psdk/sql/ac_openxml_4y91.htm\n\n\"Guidelines for Using the FOR XML Clause\"\nhttp://msdn.microsoft.com/library/psdk/sql/ac_openxml_0alh.htm\n",
  "Tag": "kb2076071402"
}