{
  "Document": {
    "DocumentId": 2076071393,
    "Title": "MERCURY POISONING",
    "DocumentShortName": null,
    "FileName": null,
    "Path": null,
    "CreateDate": "2001-05-26T18:06:32.993",
    "ModificationDate": "2001-05-26T18:06:32.993",
    "TemplateId": null,
    "SegmentId": 81,
    "IsRoot": false,
    "IsActive": true,
    "SortOrdinal": null,
    "ClientId": null,
    "Tag": null
  },
  "Content": "While fish is an important source of protein and other essential nutrients, there is a danger of mercury poisoning associated with eating too much of a certain type of fish. The level of methyl mercury found in fish varies, depending on the type of fish. For the top-ten seafood species (canned tuna, shrimp, pollock, salmon, cod, catfish, clams, flatfish, crabs, and scallops), the level of mercury is low, weighing in at less than 0.2 ppm (parts per million). However, for shark and swordfish, the level of mercury jumps to 1.0 ppm.\n\nTo prevent mercury poisoning, the U.S. Food and Drug Administration advises pregnant women and women of childbearing age to limit their consumption of shark and swordfish to no more than one serving per month. Everyone else should limit their consumption of these two types of fish to one serving, or seven ounces, per week.",
  "Tag": "kb2076071393"
}