{
  "Document": {
    "DocumentId": 2076071294,
    "Title": "ASP: Denying Anonymous Access with the ServerVariables Dictionary Object",
    "DocumentShortName": null,
    "FileName": null,
    "Path": null,
    "CreateDate": "2001-04-07T19:29:10.677",
    "ModificationDate": "2001-04-07T19:29:10.677",
    "TemplateId": null,
    "SegmentId": 67,
    "IsRoot": false,
    "IsActive": true,
    "SortOrdinal": null,
    "ClientId": null,
    "Tag": null
  },
  "Content": "'Deny anonymous access.\nIf Request.ServerVariables(\"LOGON_USER\") = Empty Then\n    Response.Status = \"401 Access Denied\"\nEnd If\n\n'For the converse of this issue please see MS KB article Q188717\n'\"PRB: Request.ServerVariables(\"LOGON_USER\") Returns Empty String\"\n",
  "Tag": "kb2076071294"
}