{
  "Document": {
    "DocumentId": 2076071756,
    "Title": "SQL Server 2000: CONVERT() Style Identifiers",
    "DocumentShortName": null,
    "FileName": null,
    "Path": null,
    "CreateDate": "2006-07-12T16:16:42.73",
    "ModificationDate": "2006-07-12T16:16:42.73",
    "TemplateId": null,
    "SegmentId": 72,
    "IsRoot": false,
    "IsActive": true,
    "SortOrdinal": null,
    "ClientId": null,
    "Tag": null
  },
  "Content": "0 or 100: mon dd yyyy hh:miAM (or PM)\n101: mm/dd/yy\n102: yy.mm.dd\n103: dd/mm/yy\n104: dd.mm.yy\n105: dd-mm-yy\n106: dd mon yy\n107: Mon dd, yy\n108: hh:mm:ss\n9 or 109: mon dd yyyy hh:mi:ss:mmmAM (or PM)\n110: mm-dd-yy\n111: yy/mm/dd\n112: yymmdd\n13 or 113: dd mon yyyy hh:mm:ss:mmm(24h)\n114: hh:mi:ss:mmm(24h)\n20 or 120: yyyy-mm-dd hh:mi:ss(24h)\n21 or 121: yyyy-mm-dd hh:mi:ss.mmm(24h)\n126: yyyy-mm-dd Thh:mm:ss.mmm(no spaces)\n130: dd mon yyyy hh:mi:ss:mmmAM\n131: dd/mm/yy hh:mi:ss:mmmAM",
  "Tag": "kb2076071756"
}