{
  "Document": {
    "DocumentId": 2076071478,
    "Title": "Frontpage Webs; Setup; Moving",
    "DocumentShortName": null,
    "FileName": null,
    "Path": null,
    "CreateDate": "2002-05-23T11:36:31.463",
    "ModificationDate": "2002-05-23T11:36:31.463",
    "TemplateId": null,
    "SegmentId": 68,
    "IsRoot": false,
    "IsActive": true,
    "SortOrdinal": null,
    "ClientId": null,
    "Tag": null
  },
  "Content": "Recipe for setting up a New FrontPage Web:\n\nCreate new web root folder under root folder of web site. \n\nAdd web content.\n\nMake sure no old FrontPage files/folders are in this new folder.\n\nLocate this folder in the MMC for Internet Information Server.\n\nRight-click on this folder and select All Tasks > Configure Server Extensions.\n\nFollow the New Subweb Wizard.\n\nRight-click on the folder again and choose Properties > Directory > Application Settings > Create.\n\n\nRecipe for moving an existing FrontPage Web:\n\nMove web content under server root.\n\nLocate this folder in the MMC for Internet Information Server.\n\nRight-click on the folder and choose Properties > Directory > Application Settings > Create.",
  "Tag": "kb2076071478"
}