{
  "Document": {
    "DocumentId": 2076071757,
    "Title": "C# 2.0 Design Notes: default Keyword in Generic Code",
    "DocumentShortName": null,
    "FileName": null,
    "Path": null,
    "CreateDate": "2006-07-12T16:22:21.35",
    "ModificationDate": "2006-07-12T16:22:21.35",
    "TemplateId": null,
    "SegmentId": 83,
    "IsRoot": false,
    "IsActive": true,
    "SortOrdinal": null,
    "ClientId": null,
    "Tag": null
  },
  "Content": "From the C# Programming Guide:\n\n\"Given a variable t of a parameterized type T, the statement t = null is only valid if T is a reference type and t = 0 will only work for numeric value types but not for structs. The solution is to use the default keyword, which will return null for reference types and zero for numeric value types.\"\n\n    public T GetNext()\n    {\n        T temp = default(T);\n\n        Node current = head;\n        if (current != null)\n        {\n            temp = current.Data;\n            current = current.Next;\n        }\n        return temp;\n    }\n\nFor more information, see:\n\n    http://msdn2.microsoft.com/en-us/library/xwth0h0d.aspx",
  "Tag": "kb2076071757"
}