{
  "Document": {
    "DocumentId": 2076071771,
    "Title": "PHP 5.x Code: Building a SQL Format String for sprintf()",
    "DocumentShortName": null,
    "FileName": null,
    "Path": null,
    "CreateDate": "2006-10-05T15:32:20.12",
    "ModificationDate": "2006-10-05T15:32:20.12",
    "TemplateId": null,
    "SegmentId": 67,
    "IsRoot": false,
    "IsActive": true,
    "SortOrdinal": null,
    "ClientId": null,
    "Tag": null
  },
  "Content": "<?php        \n    $sql = <<<BLOCK\nSELECT\n    `server`.`server_id`\n,   `server`.`server_name`\n,   `server`.`ip` \n,   `server`.`mac`\n,   `server`.`sn`\n,   server_status.status\n,   `notes`\nFROM\n    `server`\n,   server_status\nWHERE\n    `server`.status_id = server_status.status_id\nAND\n    `%1\\$s` LIKE '%%%2\\$s%%'\n;\nBLOCK;\n\n    $s = sprintf($sql,'ip','10.');\n?>\n",
  "Tag": "kb2076071771"
}