{
  "Document": {
    "DocumentId": 2076071348,
    "Title": "WHY YOU SHOULD EAT FRUITS AND VEGETABLES",
    "DocumentShortName": null,
    "FileName": null,
    "Path": null,
    "CreateDate": "2004-05-21T11:54:43.47",
    "ModificationDate": "2004-05-21T11:54:43.47",
    "TemplateId": null,
    "SegmentId": 81,
    "IsRoot": false,
    "IsActive": true,
    "SortOrdinal": null,
    "ClientId": null,
    "Tag": null
  },
  "Content": "Several studies have proven that a diet rich in fruits and vegetables helps prevent cancer. Specifically, eating more fruits and vegetables helps reduce the risk of esophageal, stomach, colon, rectum, and lung cancers. Of the more than one million new cases of cancer to be diagnosed this year, as many as 35 percent of these cases will be diet related. The recommended daily allowance for fruits and vegetables is \nfive or more servings per day. Yet, only one-fourth of the American population eats this recommended amount.\n\nWant some tips to help get your intake of fruits and veggies on the upswing? Try some of this simple advice:\n\n* Eat a fruit snack daily. \n* Add vegetables to your meat entree. \n* Drink fruit juice at meal times. \n* Top hot or cold cereals with fresh fruit. \n* Add extra vegetables to your salad.",
  "Tag": "kb2076071348"
}