{
  "Document": {
    "DocumentId": 2076071376,
    "Title": "Windows 98: Notable Differences from Windows 95; MSConfig; WinAlign; Windows Critical Update Notification",
    "DocumentShortName": null,
    "FileName": null,
    "Path": null,
    "CreateDate": "2003-07-31T14:46:34",
    "ModificationDate": "2003-07-31T14:46:34",
    "TemplateId": null,
    "SegmentId": 79,
    "IsRoot": false,
    "IsActive": true,
    "SortOrdinal": null,
    "ClientId": null,
    "Tag": null
  },
  "Content": "I am sure that there are plenty of differences between Windows 98 and 95. What is mentioned here (in passing) focuses on the things that really strike me as new and different from a system maintenance perspective.\n\nMSConfig (System Configuation Utility) picks up where Sysedit left off. It puts a nice GUI around Windows features that were only accessible from obscure keyboard commands or the command line. For example, you can set the boot options from MSConfig instead of pressing F8 or F5.\n\nWinAlign is not what ships with Windows 98. The program file WALIGN.EXE does. This file is run by the Task Scheduler by default. More details about this program (like what it does) is at:\n\n    http://www.winmag.com/windows/win98/alignfaq.htm\n\nThe Task Scheduler also runs a task called \"Windows Critical Update Notification\" by the hour. Yes, hourly! At some point this package was set to run every five minutes! For more information please start with:\n\n    http://www.aztcs.org/sigs/wintips9906.html",
  "Tag": "kb2076071376"
}