{
  "Document": {
    "DocumentId": 2076071312,
    "Title": "Limitatons of the switch Structure",
    "DocumentShortName": null,
    "FileName": null,
    "Path": null,
    "CreateDate": "2000-12-19T14:03:37.723",
    "ModificationDate": "2000-12-19T14:03:37.723",
    "TemplateId": null,
    "SegmentId": 69,
    "IsRoot": false,
    "IsActive": true,
    "SortOrdinal": null,
    "ClientId": null,
    "Tag": null
  },
  "Content": "You are limited to testing the data type char or all the integer types but long.\n\nEach case can only hold one value; however when a case does not contain a break statement code execution continues to the next case.\n",
  "Tag": "kb2076071312"
}