{
  "Document": {
    "DocumentId": 2076071714,
    "Title": "XSLT Markup: The importance of the XPath Boolean functions false() and true()",
    "DocumentShortName": null,
    "FileName": null,
    "Path": null,
    "CreateDate": "2005-09-27T14:21:24.957",
    "ModificationDate": "2005-09-27T14:21:24.957",
    "TemplateId": null,
    "SegmentId": 84,
    "IsRoot": false,
    "IsActive": true,
    "SortOrdinal": null,
    "ClientId": null,
    "Tag": null
  },
  "Content": "The strings 'true' and 'false' have no meaning for XPath functions. Please note that the following two lines are both true:\n\n    boolean('true')\n\n    boolean('false')\n\nMoreover, the following is a node test for a node called \"true\":\n\n    boolean(true)\n\nThis function will return false when it cannot find an element called \"true\" in the current context.\n\nThe Boolean functions false() and true() produce the expected results for our first example. So this is true:\n\n    boolean(true())\n\nand this is false:\n\n    boolean(false())",
  "Tag": "kb2076071714"
}