{
  "Document": {
    "DocumentId": 2076071617,
    "Title": "Windows 2000 PROBLEM: Event logs are empty; \"Event logs are corrupted\" (MSKB 829246)",
    "DocumentShortName": null,
    "FileName": null,
    "Path": null,
    "CreateDate": "2004-11-04T14:36:59.37",
    "ModificationDate": "2004-11-04T14:36:59.37",
    "TemplateId": null,
    "SegmentId": 79,
    "IsRoot": false,
    "IsActive": true,
    "SortOrdinal": null,
    "ClientId": null,
    "Tag": null
  },
  "Content": "The assumption here is that, during Microsoft's reactionary quest to address security flaws, someone broke EVENTLOG.DLL. I suspect that my event logs began to disappear after an automatic update from Windows Update. Some guy named Matt posted this on bmonday(dot)com:\n\n\"I had this problem and it only reared its ugly head when I changed the log files to 'Overwrite as needed' because I got fed up of deleting them. So this supports your theory.\"\n\nSo what I did was set all of my logs to Properties > General > Log size > Do not overwrite events (clear log manually). Microsoft recognizes this problem in MSKB article 829246 (\"Event logs are corrupted\") here:\n\n    http://support.microsoft.com/?kbid=829246",
  "Tag": "kb2076071617"
}