{
  "Document": {
    "DocumentId": 2076071535,
    "Title": "Microsoft Visio 2002/XP PROBLEM: \"Text in Drawing Does Not Appear Correctly When You Print to Adobe PDF Writer\"",
    "DocumentShortName": null,
    "FileName": null,
    "Path": null,
    "CreateDate": "2003-09-13T00:27:43",
    "ModificationDate": "2003-09-13T00:27:43",
    "TemplateId": null,
    "SegmentId": 85,
    "IsRoot": false,
    "IsActive": true,
    "SortOrdinal": null,
    "ClientId": null,
    "Tag": null
  },
  "Content": "The Microsoft KB article \"Text in Drawing Does Not Appear Correctly When You Print to Adobe PDF Writer\" covers this problem in detail at:\n\n    http://support.microsoft.com/default.aspx?scid=kb;en-us;318324\n\nIt appears that Microsoft blames Adobe for this problem. The best suggestion is to switch to a unicode font such as Arial Unicode MS.",
  "Tag": "kb2076071535"
}