{
  "Document": {
    "DocumentId": 2076071520,
    "Title": "VBA PROBLEM; Access 2000: Command Line Parameters Are Ignored; Command() Function Returns Zero-length String",
    "DocumentShortName": null,
    "FileName": null,
    "Path": null,
    "CreateDate": "2003-06-06T17:13:20",
    "ModificationDate": "2003-06-06T17:13:20",
    "TemplateId": null,
    "SegmentId": 85,
    "IsRoot": false,
    "IsActive": true,
    "SortOrdinal": null,
    "ClientId": null,
    "Tag": null
  },
  "Content": "This is an old problem that keeps popping up over the years: Say I enter a semi-colon or /cmd for my shortcut to my office application file as described by KB article 209207 (\"ACC2000: How to Use Command-Line Switches in Microsoft Access\"). I have consistently neglected to include the full path of the office application since the shortcut is to the application file and not the application.\n\nIn the case of Access 2000, this will not work:\n\n    \\\\MyShare\\C$\\Folder\\MySQL.adp ;My Command Parameter\n\nHowever, this will:\n\n    \"C:\\Program Files\\Microsoft Office\\Office10\\MSACCESS.EXE\"\n        \\\\MyShare\\C$\\Folder\\MySQL.adp ;My Command Parameter\n\nwhere, of course the above two lines should be one line.",
  "Tag": "kb2076071520"
}