{
  "Document": {
    "DocumentId": 2076071452,
    "Title": "Registry: Removing Items from the Most Recently Used List",
    "DocumentShortName": null,
    "FileName": null,
    "Path": null,
    "CreateDate": "2002-12-17T14:36:07",
    "ModificationDate": "2002-12-17T14:36:07",
    "TemplateId": null,
    "SegmentId": 83,
    "IsRoot": false,
    "IsActive": true,
    "SortOrdinal": null,
    "ClientId": null,
    "Tag": null
  },
  "Content": "To remove projects from your Most Recently Used list (and from the VS.NET Start Page) remove keys or edit values under the following key:\n\n    HKEY_CURRENT_USER\\Software\\Microsoft\\VisualStudio\\7.0\\ProjectMRUList\n\nYes, Visual Studio .NET uses the Windows Registry extensively. I assumed that all user settings would be in XML files but I was wrong. At present, it's back to the future.",
  "Tag": "kb2076071452"
}