{
  "Document": {
    "DocumentId": 2076071399,
    "Title": "T-SQL: Using OPENROWSET to Join Server Data with File-based Data\n",
    "DocumentShortName": null,
    "FileName": null,
    "Path": null,
    "CreateDate": "2001-05-26T18:13:57.04",
    "ModificationDate": "2001-05-26T18:13:57.04",
    "TemplateId": null,
    "SegmentId": 72,
    "IsRoot": false,
    "IsActive": true,
    "SortOrdinal": null,
    "ClientId": null,
    "Tag": null
  },
  "Content": "USE pubs\n;\n\nSELECT\n    Customers.*\n,   Orders.*\nFROM\n    Northwind.dbo.Customers AS Customers\n,   OPENROWSET(\n        -- OLE DB Provider Name:\n        'Microsoft.Jet.OLEDB.4.0'\n\n        -- OLE DB Provider Source, ID and Password or Connection String:\n    ,   'C:\\Program Files\\Access97\\Office\\Samples\\northwind.mdb';'admin';''\n\n        -- OLE DB Provider Object (e.g. table name) or Pass-Through Query:\n    ,   Orders\n    ) AS Orders\nWHERE\n    Customers.CustomerID = Orders.CustomerID \nGO",
  "Tag": "kb2076071399"
}