{
  "Document": {
    "DocumentId": 2076071303,
    "Title": "JavaScript and HTML: The Option Constructor; Dynamically Build OPTION Tags for SELECT Tags",
    "DocumentShortName": null,
    "FileName": null,
    "Path": null,
    "CreateDate": "2001-03-31T08:27:53.283",
    "ModificationDate": "2001-03-31T08:27:53.283",
    "TemplateId": null,
    "SegmentId": 67,
    "IsRoot": false,
    "IsActive": true,
    "SortOrdinal": null,
    "ClientId": null,
    "Tag": null
  },
  "Content": "The Option Constructor has been with us since Netscape 2.0. It provides JavaScript to dynamically build OPTION tags for SELECT tags. As of this writing, Doc JavaScript goes into detail at:\n\n    http://webreference.com/js/tips/000118.html\n\nHowever, I question that using history.go(0) is necessary to display OPTION tags created on the fly.\n\nAncient Netscape text regarding Option Constructors might still be unearthed at:\n\n    http://developer.netscape.com/docs/manuals/communicator/jsref/choi3.htm\n",
  "Tag": "kb2076071303"
}