{
  "Document": {
    "DocumentId": 2076071343,
    "Title": "THE BEST SALAD--PART 3 OF 4",
    "DocumentShortName": null,
    "FileName": null,
    "Path": null,
    "CreateDate": "2004-05-21T11:54:43.4",
    "ModificationDate": "2004-05-21T11:54:43.4",
    "TemplateId": null,
    "SegmentId": 81,
    "IsRoot": false,
    "IsActive": true,
    "SortOrdinal": null,
    "ClientId": null,
    "Tag": null
  },
  "Content": "Now that we've chosen the greenery, or foundation, for our salad, let's talk about what we're going to put on it and how nutritious each ingredient is:\n\n* Broccoli: one spear of fresh broccoli contains four grams of protein, 72 milligrams of calcium, 100 milligrams of phosphorus, 491 milligrams of potassium, and 141 milligrams of vitamin C. \n\n* Carrots: one cup of grated carrots has 45 calories and 11 grams of carbohydrates. But one carrot can also provide four times the RDA of vitamin A for an adult male.\n\n* Cucumbers: these mostly provide taste and crunch; they're low in calories.\n\n* Tomatoes: one average tomato contains 25 calories, 1,390 IU of vitamin A, and 22 milligrams of vitamin C.\n\n* Onions: a cup of sliced, white onions has 40 calories and 33 milligrams of calcium.",
  "Tag": "kb2076071343"
}