{
  "Document": {
    "DocumentId": 2076071379,
    "Title": "Romona Africa 1992: trueSpace Camera Coordinates; Hair Books",
    "DocumentShortName": null,
    "FileName": null,
    "Path": null,
    "CreateDate": "2001-03-18T17:34:06.877",
    "ModificationDate": "2001-03-18T17:34:06.877",
    "TemplateId": null,
    "SegmentId": 80,
    "IsRoot": false,
    "IsActive": true,
    "SortOrdinal": null,
    "ClientId": null,
    "Tag": null
  },
  "Content": "0:(-5.009,2.981,3.000) (-180.000,0.00,180.000)\n1:(-1.564,1.841,3.00)\n2:(-1.963,0.236,5.000)\n3:(-1.132,0.155,2.500)\n4:(0.041,-0.603,1.000)\n5:(1.189,-0.448,3.000)\n6:(1.132,-1.700,1.000)",
  "Tag": "kb2076071379"
}