{
  "Document": {
    "DocumentId": 2076071615,
    "Title": "Word PROBLEM: \"Document file size increases with EMF, PNG, GIF, or JPEG graphics in Word\"; KB article Q224663",
    "DocumentShortName": null,
    "FileName": null,
    "Path": null,
    "CreateDate": "2004-11-01T17:12:23.997",
    "ModificationDate": "2004-11-01T17:12:23.997",
    "TemplateId": null,
    "SegmentId": 85,
    "IsRoot": false,
    "IsActive": true,
    "SortOrdinal": null,
    "ClientId": null,
    "Tag": null
  },
  "Content": "\"When you save a Microsoft Word document that contains an EMF, PNG, GIF, or JPEG graphic as a different file format (for example, Word 6.0/95 (*.doc) or Rich Text Format (*.rtf)), the file size of the document may dramatically increase.\"\n\nFor more information please see:\n\n    http://support.microsoft.com/default.aspx?scid=kb;EN-US;224663",
  "Tag": "kb2076071615"
}