{
  "Document": {
    "DocumentId": 2076071441,
    "Title": "Email Blurb: \"Unsubscription\"",
    "DocumentShortName": null,
    "FileName": null,
    "Path": null,
    "CreateDate": "2002-05-23T10:08:46.013",
    "ModificationDate": "2002-05-23T10:08:46.013",
    "TemplateId": null,
    "SegmentId": 80,
    "IsRoot": false,
    "IsActive": true,
    "SortOrdinal": null,
    "ClientId": null,
    "Tag": null
  },
  "Content": "The following email address was not found in our database:\n\n<???>\n\nPlease send a different address that you may have used in the past so we can remove these items as quickly as possible.\n",
  "Tag": "kb2076071441"
}