{
  "Document": {
    "DocumentId": 2076071414,
    "Title": "snow makes people serious: DV footage list",
    "DocumentShortName": null,
    "FileName": null,
    "Path": null,
    "CreateDate": "2001-09-06T22:26:21.647",
    "ModificationDate": "2001-09-06T22:26:21.647",
    "TemplateId": null,
    "SegmentId": 80,
    "IsRoot": false,
    "IsActive": true,
    "SortOrdinal": null,
    "ClientId": null,
    "Tag": null
  },
  "Content": "Computer Monitor in Blur Drawing Screen\nBryan Testing His Desk",
  "Tag": "kb2076071414"
}