{
  "Document": {
    "DocumentId": 2076071594,
    "Title": "Macromedia Dreamweaver MX PHP and MySQL: PHP and Dreamweaver MX Video Tutorials; Mark Fletcher; mark-fletcher.co.uk\n",
    "DocumentShortName": null,
    "FileName": null,
    "Path": null,
    "CreateDate": "2004-06-30T00:16:07.36",
    "ModificationDate": "2004-06-30T00:16:07.36",
    "TemplateId": null,
    "SegmentId": 67,
    "IsRoot": false,
    "IsActive": true,
    "SortOrdinal": null,
    "ClientId": null,
    "Tag": null
  },
  "Content": "In the wake of Dreamwaever 2004, this stuff may look like historical lore but it certainly was an eye opener for me. Mark Fletcher explains how to use Dreamweaver MX with PHP to provide a way for static-page, \"professional\" web developers to transition to database-driven web information design.\n\nAs of this post, the link is here:\n\n    http://www.macromedia.com/devnet/mx/dreamweaver/articles/php_videos.html",
  "Tag": "kb2076071594"
}