{
  "Document": {
    "DocumentId": 2076071655,
    "Title": "Flash MX ActionScript 1.0/2.0: Avoid the use of _root",
    "DocumentShortName": null,
    "FileName": null,
    "Path": null,
    "CreateDate": "2005-03-17T00:47:01.08",
    "ModificationDate": "2005-03-17T00:47:01.08",
    "TemplateId": null,
    "SegmentId": 67,
    "IsRoot": false,
    "IsActive": true,
    "SortOrdinal": null,
    "ClientId": null,
    "Tag": null
  },
  "Content": "According to the documentation, \"Use this, this._parent, or _parent keywords rather than _root, depending on where your ActionScript is located.\" This allows movies to work correctly when they are loaded by other movies. For more information please see:\n\n    http://livedocs.macromedia.com/flash/mx2004/\n        main_7_2/wwhelp/wwhimpl/common/html/wwhelp.htm?\n            context=Flash_MX_2004&file=00000846.html",
  "Tag": "kb2076071655"
}