{
  "Document": {
    "DocumentId": 2076071664,
    "Title": "Microsoft Office System PROBLEM: \"The custom dictionary is full. The word was not added.\" Error; ANSI Custom Dictionaries",
    "DocumentShortName": null,
    "FileName": null,
    "Path": null,
    "CreateDate": "2005-04-09T22:48:59.03",
    "ModificationDate": "2005-04-09T22:48:59.03",
    "TemplateId": null,
    "SegmentId": 85,
    "IsRoot": false,
    "IsActive": true,
    "SortOrdinal": null,
    "ClientId": null,
    "Tag": null
  },
  "Content": "The error message \"The custom dictionary is full. The word was not added.\" is not always due to custom dictionary \"corruption\" problems covered in MSKB article 224035 here:\n\n    http://support.microsoft.com/kb/224035\n\nThis error message can appear when you try to add a word to the custom dictionary file that contains Unicode characters and the custom dictionary text file (usually CUSTOM.DIC) is saved in ANSI format.\n\nTo correct this problem, save the custom dictionary file in Unicode format in Notepad.",
  "Tag": "kb2076071664"
}