{
  "Document": {
    "DocumentId": 2076071773,
    "Title": "ASP.NET: Loading Cached User Controls; ASCX Files",
    "DocumentShortName": null,
    "FileName": null,
    "Path": null,
    "CreateDate": "2006-10-11T11:04:40.76",
    "ModificationDate": "2006-10-11T11:04:40.76",
    "TemplateId": null,
    "SegmentId": 83,
    "IsRoot": false,
    "IsActive": true,
    "SortOrdinal": null,
    "ClientId": null,
    "Tag": null
  },
  "Content": "The page loading an ASCX file via an object created of type Control becomes complicated when you need to programmatically manipulate this ASCX file as almost certainly this object of type control will have to be cast into the type of the ASCX file. The complications are centered upon the temptation to cache this control.\n\nThis aspnetpro.com article,\"Dynamically Load Cached User Controls (and Live to Tell About It),\" addresses this problem here:\n\n    http://www.aspnetpro.com/NewsletterArticle/\n        2003/08/asp200308pj_l/asp200308pj_l.asp\n",
  "Tag": "kb2076071773"
}