{
  "Document": {
    "DocumentId": 2076071461,
    "Title": "DNS: UCLA Addresses",
    "DocumentShortName": null,
    "FileName": null,
    "Path": null,
    "CreateDate": "2003-02-04T20:44:19.263",
    "ModificationDate": "2003-02-04T20:44:19.263",
    "TemplateId": null,
    "SegmentId": 68,
    "IsRoot": false,
    "IsActive": true,
    "SortOrdinal": null,
    "ClientId": null,
    "Tag": null
  },
  "Content": "MCCS Gateway:\n149.142.231.1\n\nMCCS DNS:\nmedhub.medctr.ucla.edu (149.142.194.60)\nns1.medctr.ucla.edu (149.142.194.64)\n\nUCLA DNS:\ndns.ucla.edu (164.67.128.1)\n\nMCCS WINS:\nwinsmain.medctr.ucla.edu (149.142.8.9)\nwinsback.medctr.ucla.edu (149.142.193.74)",
  "Tag": "kb2076071461"
}