{
  "Document": {
    "DocumentId": 2076071419,
    "Title": "IIS 5.0: Minimum NTFS Permissions",
    "DocumentShortName": null,
    "FileName": null,
    "Path": null,
    "CreateDate": "2001-10-28T18:27:45.037",
    "ModificationDate": "2001-10-28T18:27:45.037",
    "TemplateId": null,
    "SegmentId": 68,
    "IsRoot": false,
    "IsActive": true,
    "SortOrdinal": null,
    "ClientId": null,
    "Tag": null
  },
  "Content": "This MS KB article (Q271071) lists the minimum NTFS access permissions that are needed for an IIS 5.0 Web site:\n\n    http://support.microsoft.com/support/kb/articles/q271/0/71.ASP\n\nGood reference.",
  "Tag": "kb2076071419"
}