{
  "Document": {
    "DocumentId": 2076071347,
    "Title": "DIET AND PROSTATE CANCER",
    "DocumentShortName": null,
    "FileName": null,
    "Path": null,
    "CreateDate": "2004-05-21T11:54:43.49",
    "ModificationDate": "2004-05-21T11:54:43.49",
    "TemplateId": null,
    "SegmentId": 81,
    "IsRoot": false,
    "IsActive": true,
    "SortOrdinal": null,
    "ClientId": null,
    "Tag": null
  },
  "Content": "The exact cause of prostate cancer is still unknown. However, research is being conducted on the correlation between diet and prostate cancer. \n\nMen who consume a diet high in fat have been reported to have higher levels of testosterone, which could increase their risk of developing prostate cancer. It is still unclear, however, whether this relationship is derived from meat fat or dairy fat. \n\nWhat is known is that there are foods you can eat to inhibit prostate cancer. One such food is soy. Preliminary research shows that men who drink soymilk more than once per day have a lower risk of prostate cancer. Tomatoes also offer some protection against prostate cancer, as do nutritional supplements containing zinc, beta-carotene, vitamin C, and calcium.",
  "Tag": "kb2076071347"
}