{
  "Document": {
    "DocumentId": 2076071458,
    "Title": "Flash 5.x ActionScript: Clip Properties Not Found in onClipEvent(load)",
    "DocumentShortName": null,
    "FileName": null,
    "Path": null,
    "CreateDate": "2002-03-04T19:24:38.4",
    "ModificationDate": "2002-03-04T19:24:38.4",
    "TemplateId": null,
    "SegmentId": 67,
    "IsRoot": false,
    "IsActive": true,
    "SortOrdinal": null,
    "ClientId": null,
    "Tag": null
  },
  "Content": "Calls to properties (variables) declared and initialized in the first frame of a MovieClip object from the onClipEvent(load) Action of that same MovieClip will silently fail. It appears that the load event of the MovieClip fires before the first frame is processed.",
  "Tag": "kb2076071458"
}