{
  "Document": {
    "DocumentId": 2076071609,
    "Title": "MySQL Adminstration: mysqldump Help Text;mysqldump  Ver 9.11 Distrib 4.0.21; Win95/Win98 (i32); Igor Romanenko, Monty, Jani & Sinisa",
    "DocumentShortName": null,
    "FileName": null,
    "Path": null,
    "CreateDate": "2004-10-16T20:10:30.563",
    "ModificationDate": "2004-10-16T20:10:30.563",
    "TemplateId": null,
    "SegmentId": 72,
    "IsRoot": false,
    "IsActive": true,
    "SortOrdinal": null,
    "ClientId": null,
    "Tag": null
  },
  "Content": "mysqldump  Ver 9.11 Distrib 4.0.21, for Win95/Win98 (i32)\nBy Igor Romanenko, Monty, Jani & Sinisa\nThis software comes with ABSOLUTELY NO WARRANTY. This is free software,\nand you are welcome to modify and redistribute it under the GPL license\n\nDumping definition and data mysql database or table\nUsage: mysqldump [OPTIONS] database [tables]\nOR     mysqldump [OPTIONS] --databases [OPTIONS] DB1 [DB2 DB3...]\nOR     mysqldump [OPTIONS] --all-databases [OPTIONS]\n\nDefault options are read from the following files in the given order:\nC:\\WINNT\\my.ini C:\\my.cnf\nThe following groups are read: mysqldump client\nThe following options may be given as the first argument:\n--print-defaults        Print the program argument list and exit\n--no-defaults           Don't read default options from any options file\n--defaults-file=#       Only read default options from the given file #\n--defaults-extra-file=# Read this file after the global files are read\n  -A, --all-databases Dump all the databases. This will be same as --databases\n                      with all databases selected.\n  -a, --all           Include all MySQL specific create options.\n  --add-drop-table    Add a 'drop table' before each create.\n  --add-locks         Add locks around insert statements.\n  --allow-keywords    Allow creation of column names that are keywords.\n  --character-sets-dir=name\n                      Directory where character sets are\n  -c, --complete-insert\n                      Use complete insert statements.\n  -C, --compress      Use compression in server/client protocol.\n  -B, --databases     To dump several databases. Note the difference in usage;\n                      In this case no tables are given. All name arguments are\n                      regarded as databasenames. 'USE db_name;' will be\n                      included in the output.\n  -#, --debug[=name]  Output debug log. Often this is 'd:t:o,filename'.\n  --default-character-set=name\n                      Set the default character set.\n  --delayed-insert    Insert rows with INSERT DELAYED.\n  --delete-master-logs\n                      Delete logs on master after backup. This automatically\n                      enables --first-slave.\n  -K, --disable-keys  '/*!40000 ALTER TABLE tb_name DISABLE KEYS */; and\n                      '/*!40000 ALTER TABLE tb_name ENABLE KEYS */; will be put\n                      in the output.\n  -e, --extended-insert\n                      Allows utilization of the new, much faster INSERT syntax.\n  --fields-terminated-by=name\n                      Fields in the textfile are terminated by ...\n  --fields-enclosed-by=name\n                      Fields in the importfile are enclosed by ...\n  --fields-optionally-enclosed-by=name\n                      Fields in the i.file are opt. enclosed by ...\n  --fields-escaped-by=name\n                      Fields in the i.file are escaped by ...\n  -x, --first-slave   Locks all tables across all databases.\n  -F, --flush-logs    Flush logs file in server before starting dump. Note that\n                      if you dump many databases at once (using the option\n                      --databases= or --all-databases), the logs will be\n                      flushed for each database dumped.\n  -f, --force         Continue even if we get an sql-error.\n  -?, --help          Display this help message and exit.\n  -h, --host=name     Connect to host.\n  --lines-terminated-by=name\n                      Lines in the i.file are terminated by ...\n  -l, --lock-tables   Lock all tables for read.\n  --master-data       This causes the master position and filename to be\n                      appended to your output. This automatically enables\n                      --first-slave.\n  --no-autocommit     Wrap tables with autocommit/commit statements.\n  --single-transaction\n                      Dump all tables in single transaction to get consistent\n                      snapshot. Mutually exclusive with --lock-tables.\n  -n, --no-create-db  'CREATE DATABASE /*!32312 IF NOT EXISTS*/ db_name;' will\n                      not be put in the output. The above line will be added\n                      otherwise, if --databases or --all-databases option was\n                      given.}\n  -t, --no-create-info\n                      Don't write table creation info.\n  -d, --no-data       No row information.\n  -O, --set-variable=name\n                      Change the value of a variable. Please note that this\n                      option is deprecated; you can set variables directly with\n                      --variable-name=value.\n  --opt               Same as --add-drop-table --add-locks --all --quick\n                      --extended-insert --lock-tables --disable-keys\n  -p, --password[=name]\n                      Password to use when connecting to server. If password is\n                      not given it's solicited on the tty.\n  -W, --pipe          Use named pipes to connect to server\n  -P, --port=#        Port number to use for connection.\n  -q, --quick         Don't buffer query, dump directly to stdout.\n  -Q, --quote-names   Quote table and column names with a `\n  -r, --result-file=name\n                      Direct output to a given file. This option should be used\n                      in MSDOS, because it prevents new line '\\n' from being\n                      converted to '\\r\\n' (carriage return + line feed).\n  -S, --socket=name   Socket file to use for connection.\n  -T, --tab=name      Creates tab separated textfile for each table to given\n                      path. (creates .sql and .txt files). NOTE: This only\n                      works if mysqldump is run on the same machine as the\n                      mysqld daemon.\n  --tables            Overrides option --databases (-B).\n  -u, --user=name     User for login if not current user.\n  -v, --verbose       Print info about the various stages.\n  -V, --version       Output version information and exit.\n  -w, --where=name    Dump only selected records; QUOTES mandatory!\n  -X, --xml           Dump a database as well formed XML.\n  --max_allowed_packet=#\n  --net_buffer_length=#\n  -i, --comments      Write additional information.\n\nVariables (--variable-name=value)\nand boolean options {FALSE|TRUE}  Value (after reading options)\n--------------------------------- -----------------------------\nall-databases                     FALSE\nall                               FALSE\nadd-drop-table                    FALSE\nadd-locks                         FALSE\nallow-keywords                    FALSE\ncharacter-sets-dir                (No default value)\ncomplete-insert                   FALSE\ncompress                          FALSE\ndatabases                         FALSE\ndefault-character-set             (No default value)\ndelayed-insert                    FALSE\ndisable-keys                      FALSE\nextended-insert                   FALSE\nfields-terminated-by              (No default value)\nfields-enclosed-by                (No default value)\nfields-optionally-enclosed-by     (No default value)\nfields-escaped-by                 (No default value)\nfirst-slave                       FALSE\nflush-logs                        FALSE\nforce                             FALSE\nhost                              (No default value)\nlines-terminated-by               (No default value)\nlock-tables                       FALSE\nno-autocommit                     FALSE\nsingle-transaction                FALSE\nno-create-db                      FALSE\nno-create-info                    FALSE\nno-data                           FALSE\nport                              3306\nquick                             FALSE\nquote-names                       FALSE\nsocket                            (No default value)\ntab                               (No default value)\nuser                              (No default value)\nverbose                           FALSE\nwhere                             (No default value)\nmax_allowed_packet                25165824\nnet_buffer_length                 1047551\ncomments                          TRUE\n\n\n\n\n\n\n",
  "Tag": "kb2076071609"
}