{
  "Document": {
    "DocumentId": 2076071392,
    "Title": "ADO.NET: Flippant Introductory Remarks",
    "DocumentShortName": null,
    "FileName": null,
    "Path": null,
    "CreateDate": "2003-09-03T13:48:43",
    "ModificationDate": "2003-09-03T13:48:43",
    "TemplateId": null,
    "SegmentId": 83,
    "IsRoot": false,
    "IsActive": true,
    "SortOrdinal": null,
    "ClientId": null,
    "Tag": null
  },
  "Content": "For starters, try Doug Rothaus and Mike Pizzo, their MSDN article, \"ADO.NET for the ADO Programmer\" at:\n\n    http://msdn.microsoft.com/library/en-us/dndotnet/html/adonetprogmsdn.asp\n\nPaul D. Sheriff was the guy that introduced me to ADO at some hick dive in Orange County, California. He returns with \"Using ADO.NET\" at MSDN:\n\n    http://msdn.microsoft.com/library/en-us/dndotnet/html/usingadonet.asp",
  "Tag": "kb2076071392"
}