{
  "Document": {
    "DocumentId": 2076071389,
    "Title": "Windows NT Command Script: PWSstart.cmd; Starting Personal Web Server on Windows NT Workstation",
    "DocumentShortName": null,
    "FileName": null,
    "Path": null,
    "CreateDate": "2001-05-13T08:47:35.127",
    "ModificationDate": "2001-05-13T08:47:35.127",
    "TemplateId": null,
    "SegmentId": 79,
    "IsRoot": false,
    "IsActive": true,
    "SortOrdinal": null,
    "ClientId": null,
    "Tag": null
  },
  "Content": "@ECHO OFF\n\nnet start w3svc\nREM net start msftpsvc\n\nPAUSE",
  "Tag": "kb2076071389"
}