{
  "Document": {
    "DocumentId": 2076071311,
    "Title": "Java Diddler: An Example of String Comparison; MRJ SDK 2.1",
    "DocumentShortName": null,
    "FileName": null,
    "Path": null,
    "CreateDate": "2000-09-16T07:28:00",
    "ModificationDate": "2000-09-16T07:28:00",
    "TemplateId": null,
    "SegmentId": 69,
    "IsRoot": false,
    "IsActive": true,
    "SortOrdinal": null,
    "ClientId": null,
    "Tag": null
  },
  "Content": "java.lang.String str = \"1234567\";\n\nboolean bln = false;\n\nbln = (\"123\".equals(str.substring(0,3)));\n\njava.lang.System.out.println(bln);\n",
  "Tag": "kb2076071311"
}