{
  "Document": {
    "DocumentId": 2076071395,
    "Title": "VEGETARIAN DIET-MISSING LINKS     ",
    "DocumentShortName": null,
    "FileName": null,
    "Path": null,
    "CreateDate": "2001-05-26T18:07:46.663",
    "ModificationDate": "2001-05-26T18:07:46.663",
    "TemplateId": null,
    "SegmentId": 81,
    "IsRoot": false,
    "IsActive": true,
    "SortOrdinal": null,
    "ClientId": null,
    "Tag": null
  },
  "Content": "With careful planning, you can follow a vegetarian diet that provides all the vitamins, minerals, calories, and protein your body needs. If you don't carefully plan your meals, you can compromise some nutrients. \n\nListed below are the nutrients that are more likely to be at risk in vegetarian diets, along with the sources for obtaining these nutrients:\n\nIron (delivers oxygen throughout the body)---found in fish and poultry, but also in dark, leafy green vegetables, whole grains, and soy products\n \nZinc (needed for growth/repair of tissues)---found in fish and poultry, nuts and seeds, hard cheeses, whole grains, and soy products\n\nCalcium (needed for healthy bones and teeth)---found in milk, cheese, broccoli, almonds, legumes, and soy products\n\nVitamin D (needed for healthy bones)---found in milk. With adequate sun exposure, the body can produce its own vitamin D.\n\nVitamin B12 (needed for cell growth)---found in milk products and eggs. For strict vegetarians, this nutrient must be supplemented.",
  "Tag": "kb2076071395"
}