{
  "Document": {
    "DocumentId": 2076071293,
    "Title": "Code: Sending mail from Outlook Express; basSendMail()",
    "DocumentShortName": null,
    "FileName": null,
    "Path": null,
    "CreateDate": "2000-08-14T18:07:00",
    "ModificationDate": "2000-08-14T18:07:00",
    "TemplateId": null,
    "SegmentId": 76,
    "IsRoot": false,
    "IsActive": true,
    "SortOrdinal": null,
    "ClientId": null,
    "Tag": null
  },
  "Content": "Public Sub basSendMail()\n\n    Dim objMailItem As MailItem\n    \n    Set objMailItem = Application.CreateItem(olMailItem)\n    \n    With objMailItem\n        .To = \"rasx@kintespace.com\"\n        .Subject = \"Is Haley's Comet for You?\"\n        .Body = \"This is the body text.\"\n        .Send\n    End With\n\nEnd Sub",
  "Tag": "kb2076071293"
}