{
  "Document": {
    "DocumentId": 2076071669,
    "Title": "SQL Server 2000: Flippant Remarks about Renaming Databases",
    "DocumentShortName": null,
    "FileName": null,
    "Path": null,
    "CreateDate": "2005-04-28T13:05:33.05",
    "ModificationDate": "2005-04-28T13:05:33.05",
    "TemplateId": null,
    "SegmentId": 72,
    "IsRoot": false,
    "IsActive": true,
    "SortOrdinal": null,
    "ClientId": null,
    "Tag": null
  },
  "Content": "Use the ALTER DATABASE t-SQL instead of the system stored procedure sp_renameDB. For SQL Server 2000, the ALTER DATABASE solution is an improvement over the system stored procedure (which can get into goofy 'exclusive locking errors'). One too many SQL Server MVPs confuse the new SQL 2005 features with the old SQL 2000 limitations. Google sees all and you beta-junkies in the newsgroups are no help!\n\nIn old SQL Server 2000, the ALTER DATABASE syntax is only useful for renaming the logical database and not the physical files on disk. The best way to handle the physical files is to grit teeth and create a new database.\n\nHere is a sketch of the ALTER DATABASE syntax:\n\n    ALTER DATABASE 'my_old_ass_dbname'\n    MODIFY NAME 'my_funky_fresh_dbname'",
  "Tag": "kb2076071669"
}