{
  "Document": {
    "DocumentId": 2076071318,
    "Title": "FOOD LABEL CONFUSION",
    "DocumentShortName": null,
    "FileName": null,
    "Path": null,
    "CreateDate": "2004-05-21T17:23:55.473",
    "ModificationDate": "2004-05-21T17:23:55.473",
    "TemplateId": null,
    "SegmentId": 81,
    "IsRoot": false,
    "IsActive": true,
    "SortOrdinal": null,
    "ClientId": null,
    "Tag": null
  },
  "Content": "By Lindsay Edwards \n \nHave you ever wondered what the different statements on food labels mean, such as \"sell by,\" \"use by,\" \"expires on,\" and \"best if used by\"? What about those long codes on the tops of food cans? \n\nHere's the lowdown:\n\n* Sell by: Manufacturers use the \"sell by\" statement to tell how long a store should have the product on its shelf. Do not buy a product if the sell-by date has passed.\n\n* Use by: Manufacturers use the \"use by\" date to warn consumers of the last date the product should be consumed. \n\n* Expires on: Egg cartons are basically the only places you'll find this food label. Manufacturers use the \"expires on\" date to indicate the last date the store may sell eggs as fresh.\n\n* Best if used by: When you consume the product before the \"best if used by\" date, you're getting the best flavor and quality from the product.\n\n* Codes: Manufacturers use packing numbers as a tracking mechanism. The coding is also useful in the event a product is recalled. \n",
  "Tag": "kb2076071318"
}