{
  "Document": {
    "DocumentId": 2076071681,
    "Title": "T-SQL: Stored Procedure Structure for Microsoft SQL Server 7.0/2000; Command Names Pattern",
    "DocumentShortName": null,
    "FileName": null,
    "Path": null,
    "CreateDate": "2007-11-19T15:18:09",
    "ModificationDate": "2007-11-19T15:18:09",
    "TemplateId": null,
    "SegmentId": 72,
    "IsRoot": false,
    "IsActive": true,
    "SortOrdinal": null,
    "ClientId": null,
    "Tag": null
  },
  "Content": "IF OBJECT_ID('_newproc') IS NOT NULL\nBEGIN\n    DROP PROCEDURE _newproc\n    IF OBJECT_ID('_newproc') IS NOT NULL\n        PRINT '<<< FAILED DROPPING PROCEDURE _newproc >>>'\n    ELSE\n        PRINT '<<< DROPPED PROCEDURE _newproc >>>'\nEND\nGO\n\nCREATE PROCEDURE _newproc\n(\n    @cmdName   varchar(32)  = 'default'\n)\n\nAS\n\n-- Description: Renames the specified database.\n-- Developer: rasx@songhaysystem.com\nIF @cmdName = 'default'\nBEGIN\nEND\n\nGO\n\nGRANT EXECUTE ON _newproc TO dbWebSolutionsUsers\nGO\n\nIF OBJECT_ID('_newproc') IS NOT NULL\n    PRINT '<<< CREATED PROCEDURE _newproc >>>'\nELSE\n    PRINT '<<< FAILED CREATING PROCEDURE _newproc >>>'\nGO\n",
  "Tag": "kb2076071681"
}