{
  "Document": {
    "DocumentId": 2076071499,
    "Title": "Adobe Photoshop: Visual Summary of Blending Modes; Layers;",
    "DocumentShortName": null,
    "FileName": null,
    "Path": null,
    "CreateDate": "2002-12-04T17:14:45",
    "ModificationDate": "2002-12-04T17:14:45",
    "TemplateId": null,
    "SegmentId": 62,
    "IsRoot": false,
    "IsActive": true,
    "SortOrdinal": null,
    "ClientId": null,
    "Tag": null
  },
  "Content": "Here is a list of web sites with useful visual representations of layer blending modes:\n\n    \"Blending Modes\"\n    http://www.thinkdan.com/tutorials/photoshop/blendingmodes/\n\n    \"Advanced Layer Blending in Photoshop 6\"\n    http://www.creativepro.com/story/feature/14198.html\n\n    \"Blending ranges - advanced blending options\"\n    http://www.adobe.com/support/techguides/photoshop\n        /advancedblending/blending_range/main.html\n\nIf you have an Adobe ID then try this:\n\n    \"Become a layer-blending expert\"\n    http://studio.adobe.com/learn/tips/phs7advblend/main.html",
  "Tag": "kb2076071499"
}