{
  "Document": {
    "DocumentId": 2076071686,
    "Title": "UCLA MCCS: MedWire Settings",
    "DocumentShortName": null,
    "FileName": null,
    "Path": null,
    "CreateDate": "2005-06-14T11:42:01.72",
    "ModificationDate": "2005-06-14T11:42:01.72",
    "TemplateId": null,
    "SegmentId": 70,
    "IsRoot": false,
    "IsActive": true,
    "SortOrdinal": null,
    "ClientId": null,
    "Tag": null
  },
  "Content": "Configuration:\n\nWireless Mode: Infrastructure\n\nService Set Identifier (SSID): MEDWIRE\n\nTransfer Rate: Auto Rate",
  "Tag": "kb2076071686"
}