{
  "Document": {
    "DocumentId": 2076071300,
    "Title": "COLD-FIGHTING FOODS",
    "DocumentShortName": null,
    "FileName": null,
    "Path": null,
    "CreateDate": "2004-05-21T17:23:55.453",
    "ModificationDate": "2004-05-21T17:23:55.453",
    "TemplateId": null,
    "SegmentId": 81,
    "IsRoot": false,
    "IsActive": true,
    "SortOrdinal": null,
    "ClientId": null,
    "Tag": null
  },
  "Content": "By Lindsay Edwards \n \nCertain foods can help minimize and shorten the duration of symptoms associated with the common cold. Here are some of the proven cold-fighting foods: \n\n* Chicken soup thins the mucous in the lungs, making the mucous easier to expel.\n \n* Hot and spicy foods act as expectorants. When you eat these foods regularly, they help thin mucous secretions of colds, asthma, and allergies. \n\n* Garlic kills the viruses and bacteria associated with the common cold and flu.\n\n* Drinking plenty of liquids will hydrate the mucous membranes. Viruses thrive in dry environments. ",
  "Tag": "kb2076071300"
}