{
  "Document": {
    "DocumentId": 2076071592,
    "Title": "C# Code Snippet: Simple Threading",
    "DocumentShortName": null,
    "FileName": null,
    "Path": null,
    "CreateDate": "2004-06-19T11:39:39.417",
    "ModificationDate": "2004-06-19T11:39:39.417",
    "TemplateId": null,
    "SegmentId": 83,
    "IsRoot": false,
    "IsActive": true,
    "SortOrdinal": null,
    "ClientId": null,
    "Tag": null
  },
  "Content": "/*\nThis example does not take into account Thread() being called in sucession as ThreadTarget() is running. It does not deal with data being passed to/from ThreadTarget() as well.\n*/\n    using System.Threading;\n\n    private void Thread()\n    {\n        ThreadStart myThreadDelegate = new ThreadStart(this.ThreadTarget);\n        Thread myThread = new Thread(myThreadDelegate);\n        myThread.Priority = ThreadPriority.AboveNormal;\n        myThread.Start();\n    }\n\n    private void ThreadTarget()\n    {\n        //Perform task on thread.\n    }\n\n",
  "Tag": "kb2076071592"
}