{
  "Document": {
    "DocumentId": 2076071338,
    "Title": "SKINNY AS A STICK OF LICORICE",
    "DocumentShortName": null,
    "FileName": null,
    "Path": null,
    "CreateDate": "2004-05-21T11:54:43.44",
    "ModificationDate": "2004-05-21T11:54:43.44",
    "TemplateId": null,
    "SegmentId": 81,
    "IsRoot": false,
    "IsActive": true,
    "SortOrdinal": null,
    "ClientId": null,
    "Tag": null
  },
  "Content": "How many of the jellybean eaters you know leave the black ones? Just watching someone eat those black jellybeans or licorice makes me cringe. Yet, a recent study has found that licorice may help reduce your body fat! \n\nThe study concluded that consuming 3.5 grams of licorice per day reduced body fat by up to four percent. What is it about licorice that reduces body fat? The answer lies within the licorice itself. It is believed that the strong taste of the licorice suppresses the appetite. Another explanation is that eating licorice makes you feel \nfull, resulting in your eating fewer calories. \n\nMore research needs to be conducted, but don't forget that a balanced diet with whole grains, fruits, and vegetables is still the best way to go.",
  "Tag": "kb2076071338"
}