{
  "Document": {
    "DocumentId": 2076071596,
    "Title": "Sonic Foundry ACID 4.0 and Sound Forge 7.0: Creating ACID Loops with Sound Forge; Loop Creation Basics; Working with Traditional Instrumentalists; Sony Pictures Digital",
    "DocumentShortName": null,
    "FileName": null,
    "Path": null,
    "CreateDate": "2004-07-02T00:45:11.89",
    "ModificationDate": "2004-07-02T00:45:11.89",
    "TemplateId": null,
    "SegmentId": 65,
    "IsRoot": false,
    "IsActive": true,
    "SortOrdinal": null,
    "ClientId": null,
    "Tag": null
  },
  "Content": "* Determine the time signature of the loop. It is customarily 4/4. The musician that created the loop should provide this information.\n\n* Determine the key of the loop. The musician that created the loop should provide this information.\n\n* Determine the tempo of the loop. The musician that created the loop should provide this information.\n\n* Listening to the loop sample, count the number of beats in the loop using the time signature. (This takes rhythm folks!)\n\n* Select Edit ACID Properties > Loop. In the Root note for transposing: field, enter the key of the loop. In the Number of beats (...): field, enter the number of beats counted. Click on OK.\n\n* Select Edit Tempo. The number in the Tempo in beats per minute: field should already contain a value that is close to the value provided by the musician that created the loop. Click on OK. If you are viewing the sample in the Measures & Beats status format, then the tick marks should update to reflect the new tempo.\n",
  "Tag": "kb2076071596"
}