{
  "Document": {
    "DocumentId": 2076071536,
    "Title": "ASP.NET: Security Issues Surrounding Writing to the Event Log",
    "DocumentShortName": null,
    "FileName": null,
    "Path": null,
    "CreateDate": "2003-09-21T15:43:38",
    "ModificationDate": "2003-09-21T15:43:38",
    "TemplateId": null,
    "SegmentId": 83,
    "IsRoot": false,
    "IsActive": true,
    "SortOrdinal": null,
    "ClientId": null,
    "Tag": null
  },
  "Content": "By default, the ASPNET user does not have permissions to write to default event logs---even the Application log. One way to address this issue is to let your web application impersonate a user with the correct permissions by entering the impersonate element in the system.web element of the Web.config file:\n\n    <system.web>\n        ...\n        <identity impersonate=\"true\" userName=\"MyUserName\" password=\"MyClearTextPassword\" />\n        ...\n    </system.web>\n\nAnother way is to use the Security > Permissions... command in regedt32 on this key:\n\n    HKEY_LOCAL_MACHINE\\System\\CurrentControlSet\\Services\\EventLog\n\nAdd the ASPNET account and grant Full Control.",
  "Tag": "kb2076071536"
}