{
  "Document": {
    "DocumentId": 2076071671,
    "Title": "Office System Word: Compacting Template Files with Many Lines of VBA Code; Template Bloat in .DOT Files",
    "DocumentShortName": null,
    "FileName": null,
    "Path": null,
    "CreateDate": "2005-05-02T00:08:00.4",
    "ModificationDate": "2005-05-02T00:08:00.4",
    "TemplateId": null,
    "SegmentId": 85,
    "IsRoot": false,
    "IsActive": true,
    "SortOrdinal": null,
    "ClientId": null,
    "Tag": null
  },
  "Content": "",
  "Tag": "kb2076071671"
}