{
  "Document": {
    "DocumentId": 2076071296,
    "Title": "WHOLE-GRAIN GOODNESS",
    "DocumentShortName": null,
    "FileName": null,
    "Path": null,
    "CreateDate": "2004-05-21T11:54:43.23",
    "ModificationDate": "2004-05-21T11:54:43.23",
    "TemplateId": null,
    "SegmentId": 81,
    "IsRoot": false,
    "IsActive": true,
    "SortOrdinal": null,
    "ClientId": null,
    "Tag": null
  },
  "Content": "By Lindsay Edwards \n \nNutrition experts agree that you should eat at least three servings of whole-grain foods every day. But how do you know exactly which foods are whole grain? And just what is whole grain? \n\nBefore they are milled or refined, all grains are considered whole. Whole is defined as containing all the original components of grains: an inner layer of germ, a middle layer called the endoderm, and an outer layer of bran. When grains are milled or refined, the germ and bran layers are removed, leaving the starchy endoderm. That's the layer you enjoy when you eat white rice or foods made from white flour. \n\nSo, what are some examples of whole-grain foods? Many popular foods contain whole grains, including whole-grain breakfast cereals and whole-wheat and whole-grain breads and waffles. Make sure the ingredient list on the food label says \"whole\" or \"whole-grain.\" ",
  "Tag": "kb2076071296"
}