{
  "Document": {
    "DocumentId": 2006695784,
    "Title": "Right-Justifying Text with the Format$() Function; Building Text Files with Fixed-Width Columns",
    "DocumentShortName": null,
    "FileName": null,
    "Path": null,
    "CreateDate": "1999-05-18T20:16:26",
    "ModificationDate": "1999-05-18T20:16:26",
    "TemplateId": null,
    "SegmentId": 76,
    "IsRoot": false,
    "IsActive": true,
    "SortOrdinal": null,
    "ClientId": null,
    "Tag": null
  },
  "Content": "In many financial applications text files are sometimes needed for automated input of data. Some data feeds are text files containing fixed-width columns. Oftentimes these columns are right-justified with the form:\n\n    XXX123\n    X12345\n    XXX234\n\nwhere the X's are spaces forming a six-character, fixed-width column. If you are building this column from data in a database you will have to \"pad\" leading spaces. For our six-character column we can use the Format$() function:\n\n    VBA.Format$(strData, \"@@@@@@\")\n\nwhere strData contains the data from the database.",
  "Tag": "kb2006695784"
}