{
  "Document": {
    "DocumentId": 2076071761,
    "Title": "Ubuntu Linux: Upgrading from Ubuntu Linux breezy to dapper by Hand",
    "DocumentShortName": null,
    "FileName": null,
    "Path": null,
    "CreateDate": "2006-09-28T12:21:16.063",
    "ModificationDate": "2006-09-28T12:21:16.063",
    "TemplateId": null,
    "SegmentId": 73,
    "IsRoot": false,
    "IsActive": true,
    "SortOrdinal": null,
    "ClientId": null,
    "Tag": null
  },
  "Content": "This procedure is best for the server version of Ubuntu:\n\nEdit /etc/apt/sources.list\n\nChange the keyword \"breezy\" to \"dapper\".\n\nComment out any lines  starting with \"deb cdrom\" with the pound sign (#).\n\nsudo apt-get update\n\nsudo apt-get -y dist-upgrade\n\nFor more information on the /etc/apt/sources.list file, see \"Chapter 2 - Basic Configuration\" in the APT HOWTO:\n\n    http://www.debian.org/doc/manuals/apt-howto/ch-basico.en.html",
  "Tag": "kb2076071761"
}