{
  "Document": {
    "DocumentId": 2076071690,
    "Title": "InfoPath 2003 SP1: Flippant Remarks about Writing Code in InfoPath; Debugging",
    "DocumentShortName": null,
    "FileName": null,
    "Path": null,
    "CreateDate": "2005-07-10T18:34:13.53",
    "ModificationDate": "2005-07-10T18:34:13.53",
    "TemplateId": null,
    "SegmentId": 85,
    "IsRoot": false,
    "IsActive": true,
    "SortOrdinal": null,
    "ClientId": null,
    "Tag": null
  },
  "Content": "Read \"How to debug a script for a Microsoft Office InfoPath 2003 form\" (MSKB Article 827002; http://support.microsoft.com/kb/827002/EN-US/) to see, \"To debug a script for an InfoPath form, you must first attach Microsoft Script Debugger to your InfoPath form.\" In JScript it's:\n\n    debugger;\n\nAlternatively, the alert() function can be accessed by\n\n    XDocument.UI.Alert(\"Hello world.\");\n\nRead \"How to create a custom validation error message that contains the name of the control that is being validated in InfoPath 2003\" (MSKB Article 822032; http://support.microsoft.com/kb/822032/EN-US/) to see how a validation event procedure is designed.\n\nConsult the \"InfoPath Object Model Diagram\" at:\n\n    http://msdn.microsoft.com/library/en-us/ipsdk/html/xdtocInfoPathObjectModel.asp",
  "Tag": "kb2076071690"
}