{
  "Document": {
    "DocumentId": 2076071636,
    "Title": "WordPress PROBLEM: Backslashes Stripped from Posts",
    "DocumentShortName": null,
    "FileName": null,
    "Path": null,
    "CreateDate": "2005-01-26T15:53:59.713",
    "ModificationDate": "2005-01-26T15:53:59.713",
    "TemplateId": null,
    "SegmentId": 84,
    "IsRoot": false,
    "IsActive": true,
    "SortOrdinal": null,
    "ClientId": null,
    "Tag": null
  },
  "Content": "WordPress strips backslashes out of posts. Escape to &#092;. For more info check out this:\n\n    http://blog.carthik.net/vault/2004/06/19/bob-bemer-is-to-blame/",
  "Tag": "kb2076071636"
}