{
  "Document": {
    "DocumentId": 2076071377,
    "Title": "Windows NT Workstation PROBLEM: Manually Sweeping for File Buildup; Temporary Internet Files; .TMP files",
    "DocumentShortName": null,
    "FileName": null,
    "Path": null,
    "CreateDate": "2001-02-17T22:28:12.17",
    "ModificationDate": "2001-02-17T22:28:12.17",
    "TemplateId": null,
    "SegmentId": 79,
    "IsRoot": false,
    "IsActive": true,
    "SortOrdinal": null,
    "ClientId": null,
    "Tag": null
  },
  "Content": "When the %SystemDrive% (commonly drive C:) starts to fill up \"by attrition\" the culprit is usually two things: temporary Internet files and files left in the C:\\TEMP directory.\n\nTemporary Internet files are not always removed from the General > Temporary Internet Files tab under Properties. Files may need to be manually removed from %SystemRoot%\\Temporary Internet Files and %SystemRoot%\\Profiles\\[UserName]\\Temporary Internet Files, where [UserName] is the logged in NT user. (NOTE: removing these files is not encouraged by Microsoft; remove these files at your own risk).\n\nMore obscure zero-byte .TMP file may appear in (or under) the %SystemRoot% directory. Workstations with a Personal Web Server installation may also have .LOG files build up in the %SystemRoot%\\system32\\LogFiles\\W3SVC1 directory.",
  "Tag": "kb2076071377"
}