{
  "Document": {
    "DocumentId": 2076071571,
    "Title": "ASP.NET: Flippant Remarks about Postbacks; Songhay Design Patterns",
    "DocumentShortName": null,
    "FileName": null,
    "Path": null,
    "CreateDate": "2004-04-27T12:05:14.99",
    "ModificationDate": "2004-04-27T12:05:14.99",
    "TemplateId": null,
    "SegmentId": 83,
    "IsRoot": false,
    "IsActive": true,
    "SortOrdinal": null,
    "ClientId": null,
    "Tag": null
  },
  "Content": "When a FORM runs at the server, its inner HTML is rewritten by ASP.NET. This is what appears to be happening:\n\n* ID and NAME properties are rewritten according to a predictable pattern. Two new JavaScript functions were added to deal with this design so external scripts can still be used. One of these functions is extremely inefficient as it loops through sets of objects hoping to find the right one renamed by ASP.NET.\n\n* The ACTION property is rewritten to make sure the form posts back to itself. This design “encourages” me to not roundtrip commands through the ACTION property. It also has nudged me into running HTML buttons at the server and using event delegates instead of commands embedded in query strings.\n\n* Using HTML buttons as server controls also means forms are no longer validated and submitted in JavaScript. Now they are only validated and either true or false is returned to a “listener”—usually the FORM connected to the ONSUBMIT property.\n",
  "Tag": "kb2076071571"
}