{
  "Document": {
    "DocumentId": 2076071351,
    "Title": "HOW TO USE SOY",
    "DocumentShortName": null,
    "FileName": null,
    "Path": null,
    "CreateDate": "2004-05-21T17:23:55.533",
    "ModificationDate": "2004-05-21T17:23:55.533",
    "TemplateId": null,
    "SegmentId": 81,
    "IsRoot": false,
    "IsActive": true,
    "SortOrdinal": null,
    "ClientId": null,
    "Tag": null
  },
  "Content": "Studies suggest that eating soy foods regularly can prevent serious \ndiseases like breast, colon, and prostate cancer, heart disease, and \nosteoporosis. Soy has long been known as a healthy food. It's an \nexcellent source of fiber and is low in saturated fat. Soy can be a \nhealthy addition to any diet or a substitute for meat. \n\nBy adding one serving of soy foods to your diet, you start reaping all \nthe benefits soy has to offer. Following are some easy ways to get soy \ninto your diet: \n\n* Soy milk: use in cereal, shakes, baked goods, or pancakes. \n\n* Tofu: use as a sour cream substitute in salad dressings or dips. \nYou can also use tofu in soups and salads. \n\n* Soy flour: use in baking, but if you need something to rise, mix \nthe soy flour with wheat flour.",
  "Tag": "kb2076071351"
}