{
  "Document": {
    "DocumentId": 2076071766,
    "Title": "Ubuntu Linux: Flippant Remarks about Using the Command Line",
    "DocumentShortName": null,
    "FileName": null,
    "Path": null,
    "CreateDate": "2006-09-28T12:09:25.553",
    "ModificationDate": "2006-09-28T12:09:25.553",
    "TemplateId": null,
    "SegmentId": 73,
    "IsRoot": false,
    "IsActive": true,
    "SortOrdinal": null,
    "ClientId": null,
    "Tag": null
  },
  "Content": "LinuxQuestions.org has an excellent summary of the Linux command line here:\n\n    http://wiki.linuxquestions.org/wiki/Commands\n\nWhen you, say, start MySQL from the command line from PuTTY you may quickly discover that you need to learn how to run commands in the background. Read \"Controlling Jobs in Linux\" here:\n\n\n    http://www.cpqlinux.com/jobcontrol.html\n\nThis command line stuff should lead to need to script. Begin study with \"Bash Guide for Beginners\" here:\n\n    http://tldp.org/LDP/Bash-Beginners-Guide/html/index.html",
  "Tag": "kb2076071766"
}