{
  "Document": {
    "DocumentId": 2076071531,
    "Title": "Terminal Server Client: Keyboard Shortcuts",
    "DocumentShortName": null,
    "FileName": null,
    "Path": null,
    "CreateDate": "2003-08-22T20:01:59",
    "ModificationDate": "2003-08-22T20:01:59",
    "TemplateId": null,
    "SegmentId": 79,
    "IsRoot": false,
    "IsActive": true,
    "SortOrdinal": null,
    "ClientId": null,
    "Tag": null
  },
  "Content": "The following shortcut keys are available from a Terminal Services Client: \n\nCTRL+ALT+END opens the Windows Security dialog box.\n\nALT+PAGE UP switches between programs from left to right.\n\nALT+PAGE DOWN switches between programs from right to left.\n\nALT+INSERT cycles through the programs in the order they were started.\n\nALT+HOME displays the Start menu.\n\nCTRL+ALT+BREAK switches the client between a window (if applicable) and a full screen.\n\nALT+DELETE displays the window's pop-up menu.\n\nCTRL+ALT+Minus (-) symbol on the numeric keypad places a snapshot of the active window, within the client, on the Terminal server clipboard (provides the same functionality as pressing ALT+PrintScrn on a local computer.) \n\nCTRL+ALT+Plus (+) symbol on the numeric keypad places a snapshot of the entire client window area on the Terminal server clipboard (provides the same functionality as pressing PrintScrn on a local computer.)",
  "Tag": "kb2076071531"
}