{
  "Document": {
    "DocumentId": 2076071336,
    "Title": "T-SQL Code: Searching for a Finite Set of Unknowns with a Single SELECT Statement; the ISNULL() Function",
    "DocumentShortName": null,
    "FileName": null,
    "Path": null,
    "CreateDate": "2001-03-31T09:08:21.863",
    "ModificationDate": "2001-03-31T09:08:21.863",
    "TemplateId": null,
    "SegmentId": 72,
    "IsRoot": false,
    "IsActive": true,
    "SortOrdinal": null,
    "ClientId": null,
    "Tag": null
  },
  "Content": "/*\nUse this technique when enabling full-text search functionality is not possible. If full-text search functionality is possible consider a design featuring the CONTAINS Predicate.\n*/\n\nCREATE PROCEDURE ListSSKB\n    (\n        @subjectID varchar(32)  = NULL\n    ,   @title     varchar(255) = NULL\n    ,   @kbID      varchar(32)  = NULL\n    )\nAS\n\nSET NOCOUNT ON\n\nSELECT\n    subject AS 'Subject'\n,   title   AS 'Title'\nFROM\n    tblKB\n,   tlkpKBSubjects\nWHERE\n    tblKB.subjectID = tlkpKBSubjects.subjectID\nAND\n    ISNULL(CONVERT(varchar(32),tblKB.subjectID),'') LIKE ISNULL(@subjectID,'%')\nAND\n    ISNULL(CONVERT(varchar(32),tblKB.kbID),'') LIKE ISNULL(@kbID,'%')\nAND\n    ISNULL(title,'') LIKE ISNULL(@title,'%')\nORDER BY\n    subject\n,   title\n",
  "Tag": "kb2076071336"
}