{
  "Document": {
    "DocumentId": 2076071600,
    "Title": "Office System Microsoft Outlook: Clearing the Find a Contact List; Office 11",
    "DocumentShortName": null,
    "FileName": null,
    "Path": null,
    "CreateDate": "2004-07-14T11:29:25.717",
    "ModificationDate": "2004-07-14T11:29:25.717",
    "TemplateId": null,
    "SegmentId": 85,
    "IsRoot": false,
    "IsActive": true,
    "SortOrdinal": null,
    "ClientId": null,
    "Tag": null
  },
  "Content": "Outlook power users know that the F11 key sends focus to the Find a Contact drop-down list in the Toolbar. The names shown in this are stored in the registry and, for Office 11, can be cleared by deleting this key from the registry:\n\n    HKEY_CURRENT_USER\\Software\\Microsoft\\Office\\11.0\\Outlook\\Contact\\QuickFindMRU\n\nPower users of earlier versions of earlier versions of Office should see that the number 11.0 shown in the path above can be changed to a lower number to accomplish the same task. So users of Office XP can go here:\n\n   HKEY_CURRENT_USER\\Software\\Microsoft\\Office\\10.0\\Outlook\\Contact\\QuickFindMRU",
  "Tag": "kb2076071600"
}