{
  "Document": {
    "DocumentId": 2076071758,
    "Title": "Default XSLT File for PHP REST Framework",
    "DocumentShortName": null,
    "FileName": null,
    "Path": null,
    "CreateDate": "2006-09-14T15:34:32.083",
    "ModificationDate": "2006-09-14T15:34:32.083",
    "TemplateId": null,
    "SegmentId": 84,
    "IsRoot": false,
    "IsActive": true,
    "SortOrdinal": null,
    "ClientId": null,
    "Tag": null
  },
  "Content": "<?xml version=\"1.0\" encoding=\"utf-8\"?>\n<xsl:stylesheet\n    version=\"1.0\"\n    xmlns=\"http://www.w3.org/1999/xhtml\"\n    xmlns:xsl=\"http://www.w3.org/1999/XSL/Transform\"\n    >\n\n    <xsl:output\n        encoding=\"utf-8\"\n        indent=\"yes\"\n        media-type=\"text/xml\"\n        omit-xml-declaration=\"yes\"\n        standalone=\"no\" />\n\n    <xsl:param name=\"cmd\" />\n\n    <xsl:template match=\"/\">\n        <div>\n        <xsl:choose>\n            <xsl:when test=\"/InternalMessage\"><xsl:call-template name=\"app_message\" /></xsl:when>\n\n            <xsl:otherwise>\n                <h1>Unknown Input</h1>\n                <p>Command: <xsl:value-of select=\"$cmd\"/></p>\n                <p>Server Response:</p>\n                <p><textarea id=\"RawServerResponse\"><xsl:copy-of select=\"/\" /></textarea></p>\n            </xsl:otherwise>\n        </xsl:choose>\n        </div>\n    </xsl:template>\n\n    <xsl:template name=\"app_message\">\n        <h1><xsl:value-of select=\"//Header\"/></h1>\n        <xsl:for-each select=\"//Line\">\n            <p><xsl:value-of select=\"node()\"/></p>\n        </xsl:for-each>\n    </xsl:template>\n\n</xsl:stylesheet> \n",
  "Tag": "kb2076071758"
}