{
  "Document": {
    "DocumentId": 2076071406,
    "Title": "VBScript, JScript and XML: Flippant Remarks about the XML Features of Internet Explorer 5.x; XMLHTTP; XMLDOM; XML Data Islands",
    "DocumentShortName": null,
    "FileName": null,
    "Path": null,
    "CreateDate": "2002-01-05T09:24:59.38",
    "ModificationDate": "2002-01-05T09:24:59.38",
    "TemplateId": null,
    "SegmentId": 84,
    "IsRoot": false,
    "IsActive": true,
    "SortOrdinal": null,
    "ClientId": null,
    "Tag": null
  },
  "Content": "RDS and Data Binding in Internet Explorer (IE) have been replaced by Microsoft's implementation of XML for IE 5.x. The only time I get interested in this stuff is when I say, Wouldn't be cool to have a progress bar in a web page that does not need to refresh every few seconds to see what the server is doing? So far I answer this question with, The solution you are trying to build requires a progress bar for single-user, processor intensive tasks that should not be run from a browser anyway! But just in case I get the progress bar blues I have the following:\n\n\"GUI Input: Solving the 'Hard Refresh' Problem Using XML and ASP\"\nhttp://www.15seconds.com/Issue/000612.htm\n\n\"XMLHTTP: Super Glue for the Web\"\nhttp://www.15seconds.com/Issue/991125.htm\n\n\"Binding Client Side Controls Dynamically to an XML Data Source Object\"\nhttp://www.15seconds.com/Issue/010205.htm\n",
  "Tag": "kb2076071406"
}