{
  "Document": {
    "DocumentId": 2012529411,
    "Title": "PROBLEM: Type Conversion Failure When Updating Rows with a Function of Type Variant",
    "DocumentShortName": null,
    "FileName": null,
    "Path": null,
    "CreateDate": "1998-08-07T08:42:46",
    "ModificationDate": "1998-08-07T08:42:46",
    "TemplateId": null,
    "SegmentId": 64,
    "IsRoot": false,
    "IsActive": true,
    "SortOrdinal": null,
    "ClientId": null,
    "Tag": null
  },
  "Content": "Functions of type Variant, by default, return Empty not Null. Variant-type functions are useful when used to update rows in a table because these functions can return Null. However Null must be specified as the default value of such functions. If the function returns Empty to a field that does not accept strings, a type conversion error will occur.\n\nOne form for specifying a default value is\n\n    Public Function basMyFunc()\n        basMyFunc = Null\n        'The rest of this procedure follows.\n    End Function",
  "Tag": "kb2012529411"
}