{
  "Document": {
    "DocumentId": 2076071357,
    "Title": "VBScript and ASP Code: Displaying Scripting Engine Information",
    "DocumentShortName": null,
    "FileName": null,
    "Path": null,
    "CreateDate": "2000-12-31T11:30:41.32",
    "ModificationDate": "2000-12-31T11:30:41.32",
    "TemplateId": null,
    "SegmentId": 67,
    "IsRoot": false,
    "IsActive": true,
    "SortOrdinal": null,
    "ClientId": null,
    "Tag": null
  },
  "Content": "<%@LANGUAGE=\"VBScript\"%>\n<%\n    Option Explicit\n    Dim vHTML,vServerAddr\n    vServerAddr = Request.ServerVariables.Item(\"LOCAL_ADDR\")\n\n    vHTML = \"ScriptEngine = \" & ScriptEngine & vbCrLf _\n        & \"ScriptEngineMajorVersion = \" & FormatNumber(ScriptEngineMajorVersion,1) & vbCrLf _ \n        & \"ScriptEngineMinorVersion = \" & FormatNumber(ScriptEngineMinorVersion,1) \n%>\n<!DOCTYPE HTML PUBLIC \"-//W3C//DTD HTML 4.0 Transitional//EN\" \"http://www.w3.org/TR/REC-html40/loose.dtd\">\n<HTML>\n    <HEAD>\n        <TITLE>\n            Scripting Engine Information\n        </TITLE>\n    </HEAD>\n    <BODY BGCOLOR=\"#D7D7D7\">\n        <DIV STYLE=\"text-align: center\">\n            <TABLE BORDER=\"0\" CELLPADDING=\"0\" CELLSPACING=\"0\" WIDTH=\"800\">\n                <TR>\n                    <TH>\n                        <H1>\n                            About Visual Basic&#174; Scripting Edition\n                        </H1>\n                    </TH>\n                </TR>\n                <TR>\n                    <TH>\n                        <H2>\n                            Server Hosting Script Engine: <%=vServerAddr%>\n                        </H2>\n                    </TH>\n                </TR>\n                <TR>\n                    <TD ALIGN=\"center\">\n<PRE>\n<%=vHTML %>\n</PRE>\n                    </TD>\n                </TR>\n            </TABLE>\n        </DIV>\n    </BODY>\n</HTML>",
  "Tag": "kb2076071357"
}