{
  "Document": {
    "DocumentId": 2076071700,
    "Title": "ASP.NET: Flippant Remarks about SQL Server Session State",
    "DocumentShortName": null,
    "FileName": null,
    "Path": null,
    "CreateDate": "2005-08-22T13:01:19.703",
    "ModificationDate": "2005-08-22T13:01:19.703",
    "TemplateId": null,
    "SegmentId": 83,
    "IsRoot": false,
    "IsActive": true,
    "SortOrdinal": null,
    "ClientId": null,
    "Tag": null
  },
  "Content": "This is a sessionState element configured for SQL Server Session State:\n\n    <sessionState\n        cookieless=\"true\"\n        mode=\"SQLServer\"\n        sqlConnectionString=\"Data Source=MyDBServer;Integrated Security=SSPI\"\n        timeout=\"20\" />\n\nIn order for the server MyDBServer to be ready for this configuration, the InstallSqlState.sql script needs to run. This script creates a dependency on tempdb in SQL Server 2000 and permissions need to be set for ASPNET. And some of us may forget that tempdb is cleared and recreated every time SQL Server starts. This can be a management irritant for developers. It should not be a problem for operations staff supporting servers with large uptimes.\n\nSQL Server Session state can only persist objects that can be serialized. One way to get around this limitation is to load an array of the non-serializeable objects into Application memory and store index references to them in Session State.\n\nSQL Server Session state is more reliable but is not as fast as the alternatives.",
  "Tag": "kb2076071700"
}