{
  "Document": {
    "DocumentId": 2076071498,
    "Title": "SMPTE (Society of Motion Picture and Television Engineers): Timecodes; \"By the Numbers\" by Jay Rose; DV April 1997",
    "DocumentShortName": null,
    "FileName": null,
    "Path": null,
    "CreateDate": "2005-02-12T01:33:39.623",
    "ModificationDate": "2005-02-12T01:33:39.623",
    "TemplateId": null,
    "SegmentId": 65,
    "IsRoot": false,
    "IsActive": true,
    "SortOrdinal": null,
    "ClientId": null,
    "Tag": null
  },
  "Content": "SMPTE timecodes developed more out of historical/political necessity than by pure engineering. The ancient black-and-white TVs of the golden age of North American television scanned at 30 frames per second (fps) because of the ease of synching to the 60Hz power lines running through U.S. homes. When color TVs arrived the broadcast signals had to be \"backwards compatible\" with the old b/w sets while transmitting extra color information. It followed that the NTSC standard established 29.97fps for broadcast television.\n\nWhen SMPTE developed timecode, they had to accommodate the NTSC standard. They created the concept of the \"dropped\" frame to make sure that timecode agreed with the clock on the wall. We have these common frame rates:\n\n    * 24fps (film; count 23 frames, then 1 second 0 frames)\n    * 25fps (PAL/SECAM; count 25 frames, then 1 second 0 frames)\n    * 29.97fps non-drop (count to 29, then 1 second 0 frames)\n    * 29.97fps dropframe (count to 29, then 1 second 2 frames - except once every 10 min.)\n    * 30fps non-drop (count to 29, then 1 second 0 frames)\n\nThe PAL/SECAM 25fps standard evolves from the 50Hz power lines in Europe, its former colonies and commonwealth lands.",
  "Tag": "kb2076071498"
}