{
  "Document": {
    "DocumentId": 2076071413,
    "Title": "Windows NT/2000: DCOMCNFG; Distributed Component Object Model Configuration Tool",
    "DocumentShortName": null,
    "FileName": null,
    "Path": null,
    "CreateDate": "2001-09-06T20:15:35.117",
    "ModificationDate": "2001-09-06T20:15:35.117",
    "TemplateId": null,
    "SegmentId": 79,
    "IsRoot": false,
    "IsActive": true,
    "SortOrdinal": null,
    "ClientId": null,
    "Tag": null
  },
  "Content": "I hope to avoid knowing anything about this tool thanks (in advance) to the new .NET regime. However as of this writing I may need:\n\n    \"DCOMCNFG\"\n    http://msdn.microsoft.com/library/en-us/vcmfc98/html/_atl_dcomcnfg.asp\n\n    \"Setting Processwide Security Using DCOMCNFG\"\n    http://msdn.microsoft.com/library/en-us/com/hh/com/security_1xbb.asp\n\n    \"Setting Machine-Wide Security Using DCOMCNFG\"\n    http://msdn.microsoft.com/library/en-us/com/hh/com/security_5isn.asp\n\n    \"Setting Processwide Security Through the Registry\"\n    http://msdn.microsoft.com/library/en-us/com/hh/com/security_3jw9.asp",
  "Tag": "kb2076071413"
}