{
  "Document": {
    "DocumentId": 2076071673,
    "Title": "tSQL Code: Example of OPENROWSET with Trusted Connection; NTLM",
    "DocumentShortName": null,
    "FileName": null,
    "Path": null,
    "CreateDate": "2005-05-06T12:23:15.587",
    "ModificationDate": "2005-05-06T12:23:15.587",
    "TemplateId": null,
    "SegmentId": 72,
    "IsRoot": false,
    "IsActive": true,
    "SortOrdinal": null,
    "ClientId": null,
    "Tag": null
  },
  "Content": "SELECT\n    p.*\nFROM\n    OPENROWSET\n    (\n        'SQLOLEDB'\n    ,   'Trusted_Connection=yes;\n         Integrated Security=SSPI;\n         DataSource=MyServer;Initial_Catalog=pubs;'\n    ,   '\n         SELECT * FROM \n         pubs.dbo.authors\n         ORDER BY au_lname, au_fname'\n    ) AS p\n",
  "Tag": "kb2076071673"
}