{
  "Document": {
    "DocumentId": 2076071321,
    "Title": "FIVE FOODS YOU SHOULD EAT EVERY DAY ",
    "DocumentShortName": null,
    "FileName": null,
    "Path": null,
    "CreateDate": "2004-05-21T17:23:55.413",
    "ModificationDate": "2004-05-21T17:23:55.413",
    "TemplateId": null,
    "SegmentId": 81,
    "IsRoot": false,
    "IsActive": true,
    "SortOrdinal": null,
    "ClientId": null,
    "Tag": null
  },
  "Content": "The wider the variety of foods you eat, the more likely you are to get all the nutrients you need for good health. There are five foods you should eat every day because of their nutritional qualities and direct link to disease prevention. These foods are: \n\n1. Oranges: a good source of folic acid, fiber, beta-carotene, and vitamin C; enjoy oranges in a variety of ways---for instance, as a juice or in a fruit salad.\n\n2. Dark, leafy vegetables: loaded with anti-cancer compounds and nutrients, beta-carotene, vitamin C, and fiber.\n\n3. Bran cereal: prevents constipation, helps fight breast cancer by lowering estrogen supplies; can use bran cereal in muffins and casseroles. \n\n4. Yogurt: excellent source of calcium; boosts the immune system and helps prevent yeast infections.\n\n5. Soy: helps relieve hot flashes; fights osteoporosis in post-menopausal women.",
  "Tag": "kb2076071321"
}