{
  "Document": {
    "DocumentId": 2076071469,
    "Title": "VBScript and ASP Code: Flippant Remarks about the Response.Buffer Property, the Response.Redirect() Method and Windows 2000",
    "DocumentShortName": null,
    "FileName": null,
    "Path": null,
    "CreateDate": "2002-05-16T16:44:29.857",
    "ModificationDate": "2002-05-16T16:44:29.857",
    "TemplateId": null,
    "SegmentId": 67,
    "IsRoot": false,
    "IsActive": true,
    "SortOrdinal": null,
    "ClientId": null,
    "Tag": null
  },
  "Content": "You know your code is running on an older, Windows NT, server when you see this error:\n\n    Response object error 'ASP 0156 : 80004005 \n    Header Error...\n    The HTTP headers are already written to the client browser.\n    Any HTTP header modifications must be made before writing page content.\n \nThe implication is that your ASP page is rendering HTML before it encounters the Response.Redirect() method. Microsoft explains in detail why this is problematic in KB Article Q159402 (\"HOW TO: Use Response Redirect in a Server Script\").\n\nThis problem is usually not encountered in Windows 2000 (and, I assume, versions above) as the Buffer property of the Response object is set to true in Windows 2000. To be very safe this form is suggested:\n\n    <%\n        Response.Buffer = True\n        ...\n    %>\n        <h1>HTML Rendering Here</h1>\n    <%\n        Response.Clear\n        Response.Redirect \"someother.asp\"\n    %>\n",
  "Tag": "kb2076071469"
}