{
  "Document": {
    "DocumentId": 2076071299,
    "Title": "SOLANINE--A NATURALLY OCCURRING TOXIN",
    "DocumentShortName": null,
    "FileName": null,
    "Path": null,
    "CreateDate": "2000-08-14T22:06:00",
    "ModificationDate": "2000-08-14T22:06:00",
    "TemplateId": null,
    "SegmentId": 81,
    "IsRoot": false,
    "IsActive": true,
    "SortOrdinal": null,
    "ClientId": null,
    "Tag": null
  },
  "Content": "By Lindsay Edwards \n \nYou probably already know that you should thoroughly wash produce \nbefore eating it to avoid ingesting harmful toxins and pesticides. \nWhat you may not know, however, is that there are naturally occurring toxins just as there are manmade toxins. One such naturally occurring toxin is solanine. \n\nSolanine is a toxin produced when a potato is harvested and exposed to light. The toxin is characterized by the appearance of green \nsplotches. Solanine can cause gastric upset, respiratory problems, and has even been found to cause spontaneous abortions in laboratory animals. Therefore, pregnant women should be especially careful to remove all green areas on a potato before eating it. Since solanine's content is highest just beneath the potato's skin, you should peel deep to remove most of the toxin. \n",
  "Tag": "kb2076071299"
}