{
  "Document": {
    "DocumentId": 2076071637,
    "Title": "WordPress PROBLEM: \"Sorry, you need to enable sending referrers, for this feature to work\" error; Enabling Referrers",
    "DocumentShortName": null,
    "FileName": null,
    "Path": null,
    "CreateDate": "2005-01-26T15:57:44.69",
    "ModificationDate": "2005-01-26T15:57:44.69",
    "TemplateId": null,
    "SegmentId": 84,
    "IsRoot": false,
    "IsActive": true,
    "SortOrdinal": null,
    "ClientId": null,
    "Tag": null
  },
  "Content": "This is security issue: \"Your WordPress installation checks 'sending referrers' as a basic form of security to protect your admin area from unauthorized users; disabling it in your WP install would be a bad idea.\" For the details please see:\n\n    http://codex.wordpress.org/Enable_Sending_Referrers",
  "Tag": "kb2076071637"
}