{
  "Document": {
    "DocumentId": 2076071483,
    "Title": "Flippant Remarks about Digital Cameras",
    "DocumentShortName": null,
    "FileName": null,
    "Path": null,
    "CreateDate": "2002-05-29T13:11:36.77",
    "ModificationDate": "2002-05-29T13:11:36.77",
    "TemplateId": null,
    "SegmentId": 62,
    "IsRoot": false,
    "IsActive": true,
    "SortOrdinal": null,
    "ClientId": null,
    "Tag": null
  },
  "Content": "My most annoying incorrect assumption about digital cameras is that they are devices for people who do not want to deal with a DV Camera. Then I learned that most DV Cameras produce still images no larger than the NTSC dimensions (e.g. 720 x 576). The entry-level cameras that Computer User mentions in its May 2002 article, \"Digicams for the rest of us,\" have resolutions like 1600 x 1200 (Canon's PowerShot S110 Digital Elph) which is quite suitable for the printed page.\n\nAccording to Computer User, \"Digital cameras fall into three major categories: point-and-shoot, field cameras, and studio cameras or backs...\" where the first group is the digital equivalent of the 35mm camera (like Canon's PowerShot S110 Digital Elph) and the other groups are not worth mentioning at the moment as they are too expensive for me.\nWhen evaluating a digital camera Computer User suggests that, \"There are three major factors to consider when shopping for a digicam.\" They have optics (lenses and \"megapixels\" [2.3 or greater]), the imaging chip (CMOS or CCD) and image compression quality (usually JPEG).\n\nFor more information as of this writing please see:\n\n    http://www.computeruser.com/articles/2105,1,2,2,0501,02.html\n",
  "Tag": "kb2076071483"
}