{
  "Document": {
    "DocumentId": 2076071295,
    "Title": "GOOD NEWS FOR PASTA LOVERS",
    "DocumentShortName": null,
    "FileName": null,
    "Path": null,
    "CreateDate": "2000-08-14T20:42:00",
    "ModificationDate": "2000-08-14T20:42:00",
    "TemplateId": null,
    "SegmentId": 81,
    "IsRoot": false,
    "IsActive": true,
    "SortOrdinal": null,
    "ClientId": null,
    "Tag": null
  },
  "Content": "By Lindsay Edwards \n \nPasta, one of America's favorite and most commonly eaten foods, is now rich in folic acid, the synthetic form of folate. The change comes with the Food and Drug Administration's recent regulation to add appropriate amounts of folic acid to grain products like pasta, rice, and breads. One cup of cooked pasta supplies 25 percent of the recommended daily value for folate. Both men and women can benefit from including folate in their diet, especially women planning to have children. \n\nFolic acid is a B vitamin that is essential for women of childbearing age. It helps reduce the risk of developing certain birth defects, such as spina bifida. New studies show that folic acid may also reduce the risk of heart disease in both men and women. \n",
  "Tag": "kb2076071295"
}