{
  "Document": {
    "DocumentId": 2076071345,
    "Title": "THE BEST SALAD--PART 1 OF 4",
    "DocumentShortName": null,
    "FileName": null,
    "Path": null,
    "CreateDate": "2004-05-21T11:54:43.48",
    "ModificationDate": "2004-05-21T11:54:43.48",
    "TemplateId": null,
    "SegmentId": 81,
    "IsRoot": false,
    "IsActive": true,
    "SortOrdinal": null,
    "ClientId": null,
    "Tag": null
  },
  "Content": "Most Americans consume too many calories and fat. If you're looking for a tasty and nutritious way to fill up at lunchtime without filling up on a lot of fat and calories, a salad is your answer.\n\nWhen you take advantage of the nutritional value found in a salad, you're making a generous contribution to your overall health. Salads provide texture, variety, and flavor. But a salad doesn't have to be the only part of the meal. When you add a glass of milk and a whole grain roll, you make your meal even more nutritious.\n\nIn the next tip, we'll talk about salad greenery.",
  "Tag": "kb2076071345"
}