{
  "Document": {
    "DocumentId": 2076071341,
    "Title": "A BALANCED DIET",
    "DocumentShortName": null,
    "FileName": null,
    "Path": null,
    "CreateDate": "2004-05-21T11:54:43.39",
    "ModificationDate": "2004-05-21T11:54:43.39",
    "TemplateId": null,
    "SegmentId": 81,
    "IsRoot": false,
    "IsActive": true,
    "SortOrdinal": null,
    "ClientId": null,
    "Tag": null
  },
  "Content": "Just as your car performs better with premium gasoline, your body performs better when it's properly nourished. Your internal systems, such as your heart, lungs, and digestive tract, need the right fuel. This fuel includes a balance of fiber, carbohydrates, and protein.\n\nCarbohydrates are your immediate source of energy. Carbohydrates that aren't immediately used by the body are stored in the muscles and liver as glycogen. Once the glycogen is used, the excess carbohydrates are stored in the body as fat. Carbohydrates should consume approximately 60 percent of your diet. Complex carbohydrates include foods such as whole grains, legumes, and potatoes. \n\nProtein contains nutrients that are necessary for muscle formation and repair to damage from illness or surgery. Your protein needs depend on your activity level and body size.",
  "Tag": "kb2076071341"
}