{
  "Document": {
    "DocumentId": 2076071723,
    "Title": "Flash MX ActionScript 2.0: Flippant Remarks about createClassObject(); Array()",
    "DocumentShortName": null,
    "FileName": null,
    "Path": null,
    "CreateDate": "2005-12-22T11:27:05.72",
    "ModificationDate": "2005-12-22T11:27:05.72",
    "TemplateId": null,
    "SegmentId": 67,
    "IsRoot": false,
    "IsActive": true,
    "SortOrdinal": null,
    "ClientId": null,
    "Tag": null
  },
  "Content": "createClassObject() is a method of UIObject. \"UIObject is the base class for all version 2 components; it is not a visual component. The UIObject class wraps the ActionScript MovieClip object and contains functions and properties that allow version 2 components to share some common behavior. Wrapping the MovieClip class allows Macromedia to add new events and extend functionality in the future without breaking content.\"\n\nUIObject for Flash MX 2004 is referenced here:\n\n    http://livedocs.macromedia.com/flash/mx2004/\n        \\main_7_2/wwhelp/wwhimpl/common/html/\n            wwhelp.htm?context=Flash_MX_2004&file=00002930.html\n\ncreateClassObject() may \"silently\" fail when object initiation parameters are incorrect with respect to the current build of the ActionScript compiler. For example, the List object will not populate an instance properly such that this pattern is recommended for the moment:\n\n    import mx.controls.List;\n    this.createClassObject(List,'oList',\n        this.getNextHighestDepth());\n    \n    var oPlayList:Array = new Array();\n    \n    with(oList)\n    {\n        move(10,96);\n        dataProvider = oPlayList;\n        rowCount = 14;\n    }\n    \n    oPlayList.push({label:'song one',\n        data:'./audio/mp3/Mikey Dread - 05.mp3'});\n    oPlayList.push({label:'song two',\n        data:'./audio/mp3/Mikey Dread - 06.mp3'});\n    oPlayList.push({label:'song three',\n        data:'./audio/mp3/Mikey Dread - 07.mp3'});\n    \n    oList.selectedIndex = 0;\n    //selectedIndex is undefined by default.\n    \n    var oListenChange:Object = new Object();\n    oListenChange.change = function(e:Object)\n    {\n        var oSelectedItem:Object = e.target.selectedItem;\n        with(oAudioDisplay)\n        {\n            setMedia(oSelectedItem.data,'MP3');\n            play();\n        }\n    }\n    oList.addEventListener('change',oListenChange);\n    ",
  "Tag": "kb2076071723"
}