{
  "Document": {
    "DocumentId": 2076071398,
    "Title": "VBScript and ASP: ADO PROBLEM: Error '800a0bb9'; ADO Filter Property Error\n",
    "DocumentShortName": null,
    "FileName": null,
    "Path": null,
    "CreateDate": "2001-05-26T18:12:57.657",
    "ModificationDate": "2001-05-26T18:12:57.657",
    "TemplateId": null,
    "SegmentId": 67,
    "IsRoot": false,
    "IsActive": true,
    "SortOrdinal": null,
    "ClientId": null,
    "Tag": null
  },
  "Content": "The following throws ADODB.Recordset Error '800a0bb9' (\"Arguments are of the wrong type, are out of acceptable range or are in conflict with one another.\") in VBScript:\n\n    objListRst.Filter = objH1Rst.Fields(\"filter\")\n\nThis is because the Filter property of ADO expects a string literal. This error can be avoided with implicit conversion:\n\n    objListRst.Filter = objH1Rst.Fields(\"filter\") & vbNullString\n\nor explicit conversion:\n\n    objListRst.Filter = Cstr(objH1Rst.Fields(\"filter\"))\n",
  "Tag": "kb2076071398"
}