{
  "Document": {
    "DocumentId": 2076071411,
    "Title": "Hewlett-Packard 932C: Factory Ink Cartridges",
    "DocumentShortName": null,
    "FileName": null,
    "Path": null,
    "CreateDate": "2001-08-26T16:34:16.12",
    "ModificationDate": "2001-08-26T16:34:16.12",
    "TemplateId": null,
    "SegmentId": 66,
    "IsRoot": false,
    "IsActive": true,
    "SortOrdinal": null,
    "ClientId": null,
    "Tag": null
  },
  "Content": "Black: hp 45 (51645g)\nTri-Color: hp 78 (c6578d)",
  "Tag": "kb2076071411"
}